BARANGAY,CRIME_TYPE,YEAR,MONTH
" TIBULOY (BRGY IS NOW UNDER PS 19, DCPO)  ",MURDER, 2021 ,12
TALOMO (POB.),MURDER,2021,2
RIVERSIDE,MURDER,2021,5
BARANGAY 17-B,MURDER,2021,6
BAGANIHAN,MURDER, 2021 ,7
BINUGAO,MURDER,2021,3
"ANGALAN (BRGY IS NOW UNDER PS 20, DCPO)",MURDER,2021,10
"TOMAS MONTEVERDE, SR. (BRGY IS NOW UNDER PS 18, DCPO)",MURDER,2021,10
MULIG,MURDER,2021,2
BAO JOAQUIN,MURDER,2021,8
MATINA PANGI,MURDER,2021,4
"BARANGAY 19-B (POB.) (BRGY UNDER ps 14, DCPO)",murder,2021,8
 CARMEN  ,MURDER,2021,1
PAMPANGA,MURDER,2021,8
 BARANGAY 37-D  ,MURDER,2021,4
TAPAK,MURDER,2021,4
TAPAK,MURDER, 2021 ,6
ALFONSO ANGLIONGTO SR,MURDER,2021,12
"LAPU-LAPU(BRGY IS NOW UNDER PS 18, DCPO)",murder,2021,1
PAMPANGA,MURDER,2021,10
BARANGAY 11-A,MURDER,2021, 6 
"MANDUG (BRGY UNDER PS 13, DCPO)",MURDER,2021,11
SUBASTA,murder,2021,10
 BINUGAO  ,Murder,2021,5
"BAGO APLAYA (BRGY IS NOW UNDER PS 17, DCPO)",MURDER,2021,1
BARANGAY 3-A (POB.),Murder, 2021 , 11 
"TIBULOY (BRGY IS NOW UNDER PS 19, DCPO)",MURDER, 2021 , 10 
"CATIGAN (BRGY IS NOW UNDER ps 19, DCPO)",MURDER,2021,12
TAMUGAN,MURDER,2021,7
 BAO JOAQUIN  ,Murder, 2021 ,4
SALAYSAY,murder,2021,5
"TAGURANO (BRGY IS NOW UNDER PS 19, DCPO)",MURDER,2021,1
"DUMOY (BRGY IS NOW UNDER PS 17, DCPO)",MURDER,2021,7
BINUGAO,MURDER, 2021 ,4
 MATINA PANGI  ,MURDER,2021,4
"MANDUG (BRGY UNDER PS 13, DCPO)",MURDER,2021,1
MARAPANGI,MURDER,2021,4
"MATINA CROSSING (BRGY IS NOW UNDER PS 15, DCPO)",MURDER,2021,1
"BARANGAY 8-A (POB.) (BRGY UNDER ps 14, DCPO)",murder,2021,12
"AGDAO PROPER (BRGY IS NOW UNDER PS 18, DCPO)",MURDER,2021,8
BUNAWAN (POB.),MURDER,2021,11
"BAO ESCUELA (BRGY IS NOW UNDER PS 20, DCPO)",MURDER, 2021 ,12
BANTOL,MURDER,2021,5
MALABOG,murder,2021,2
76-A BUCANA,MURDER,2021,3
EDEN,MURDER, 2021 ,6
"BARANGAY 20-B (BRGY IS NOW UNDER PS 18, DCPO)",MURDER,2021,12
WANGAN,MURDER,2021,8
" TIBULOY (BRGY IS NOW UNDER PS 19, DCPO)  ",MURDER,2021,5
MINTAL,Murder,2021,2
BARANGAY 28-C,MURDER,2021, 10 
LAMANAN,MURDER,2021,6
 MARAPANGI  ,MURDER,2021,2
"BARANGAY 20-B (BRGY IS NOW UNDER PS 18, DCPO)",MURDER,2021,9
 SUAWAN (TULI)  ,MURDER,2021, 7 
GUMALANG,MURDER,2021,4
ALAMBRE,HOMICIDE,2021,5
76-A (BUCANA),HOMICIDE, 2021 ,4
BARANGAY 11-A,HOMICIDE,2021,5
SAN ISIDRO,HOMICIDE,2021,4
VICENTE HIZON SR.,HOMICIDE,2021,1
MULIG,HOMICIDE,2021,12
BARANGAY 11-A,HOMICIDE,2021,2
MALAGOS,HOMICIDE, 2021 ,10
"BAGO GALLERA (BRGY IS NOW UNDER PS 17, DCPO)",HOMICIDE,2021, 12 
SALAPAWAN,homicide,2021,1
BARANGAY 11-A,HOMICIDE,2021,12
SALUMAY,Homicide,2021,2
BUHANGIN (POB.),HOMICIDE,2021,3
PANACAN,PHYSICAL INJURIES,2021,4
BARANGAY 14-B,PHYSICAL INJURIES,2021,7
"BARANGAY 19-B (POB.) (BRGY UNDER ps 14, DCPO)",PHYSICAL INJURIES, 2021 ,11
"LAPU-LAPU(BRGY IS NOW UNDER PS 18, DCPO)",PHYSICAL INJURIES,2021,3
WANGAN,PHYSICAL INJURIES,2021,4
LUBOGAN,PHYSICAL INJURIES,2021,9
CAWAYAN,PHYSICAL INJURIES,2021,12
" MATINA CROSSING (BRGY IS NOW UNDER PS 15, DCPO)  ",PHYSICAL INJURIES,2021,9
MAPI-ILA,PHYSICAL INJURIES,2021,12
 ALAMBRE  ,Physical Injuries,2021,12
TAPAK,PHYSICAL INJURIES,2021, 5 
"PACIANO BANGOY (BRGY IS NOW UNDER PS 18, DCPO)",PHYSICAL INJURIES, 2021 ,2
 ILANG  ,Physical Injuries,2021,3
MALABOG,physical injuries,2021,6
"SAN ANTONIO (BRGY IS NOW UNDER PS 18, DCPO)",PHYSICAL INJURIES,2021,2
BANGKAS HEIGHTS,PHYSICAL INJURIES, 2021 ,4
BARANGAY 14-B,Physical Injuries,2021,2
" BALENGAENG (BRGY IS NOW UNDER PS 20, DCPO)  ",PHYSICAL INJURIES,2021,10
 BAO JOAQUIN  ,PHYSICAL INJURIES,2021,9
 MARAPANGI  ,PHYSICAL INJURIES,2021,8
TACUNAN,PHYSICAL INJURIES,2021,4
 MULIG  ,PHYSICAL INJURIES,2021,10
" MATINA APLAYA (BRGY UNDER PS 15, DCPO)  ",PHYSICAL INJURIES,2021, 11 
"BARANGAY 10-A (BRGY UNDER ps 14, DCPO)",PHYSICAL INJURIES,2021,4
LACSON,PHYSICAL INJURIES,2021,1
"AQUINO (BRGY IS NOW UNDER PS 18, DCPO)",PHYSICAL INJURIES,2021,12
" MAGTUOD (BRGY IS NOW UNDER ps 16, DCPO)  ",PHYSICAL INJURIES,2021,8
BANTOL,PHYSICAL INJURIES,2021,5
BUDA,PHYSICAL INJURIES,2021,10
MARILOG,PHYSICAL INJURIES,2021,9
LIZADA,PHYSICAL INJURIES,2021,5
RIVERSIDE,PHYSICAL INJURIES, 2021 ,3
"DUMOY (BRGY IS NOW UNDER PS 17, DCPO)",PHYSICAL INJURIES,2021,2
VICENTE HIZON SR.,PHYSICAL INJURIES,2021, 3 
"BARANGAY 8-A (POB.) (BRGY UNDER ps 14, DCPO)",PHYSICAL INJURIES, 2021 ,10
 SIRIB  ,PHYSICAL INJURIES,2021,11
TIGATTO,physical injuries,2021, 2 
SALAPAWAN,PHYSICAL INJURIES,2021, 4 
 BARANGAY 17-B  ,PHYSICAL INJURIES,2021, 6 
 BARANGAY 39-D (POB.)  ,PHYSICAL INJURIES,2021,7
BARANGAY 18-B,physical injuries,2021,10
MAGSAYSAY,PHYSICAL INJURIES,2021,3
ALFONSO ANGLIONGTO SR,PHYSICAL INJURIES, 2021 ,9
PAMPANGA,PHYSICAL INJURIES,2021,1
"BARANGAY 10-A (BRGY UNDER ps 14, DCPO)",PHYSICAL INJURIES, 2021 ,9
SALAPAWAN,PHYSICAL INJURIES,2021,2
EDEN,PHYSICAL INJURIES,2021,8
"BARANGAY 8-A (POB.) (BRGY UNDER ps 14, DCPO)",PHYSICAL INJURIES,2021,2
BUNAWAN (POB.),PHYSICAL INJURIES, 2021 ,3
"MAGTUOD (BRGY IS NOW UNDER ps 16, DCPO)",PHYSICAL INJURIES,2021, 1 
 BUDA  ,PHYSICAL INJURIES,2021,8
" CENTRO (SAN JUAN) (BRGY IS NOW UNDER PS 18, DCPO)  ",PHYSICAL INJURIES,2021,4
MULIG,Physical Injuries,2021, 4 
TACUNAN,PHYSICAL INJURIES, 2021 ,11
 BARANGAY 2-A (POB.)  ,PHYSICAL INJURIES,2021,10
BARANGAY 13-B,PHYSICAL INJURIES,2021,3
TALOMO (POB.),PHYSICAL INJURIES,2021,4
"AGDAO PROPER (BRGY IS NOW UNDER PS 18, DCPO)",PHYSICAL INJURIES,2021,12
BARANGAY 5-A (POB.),PHYSICAL INJURIES,2021, 9 
" ACACIA (BRGY UNDER PS 13, DCPO)  ",PHYSICAL INJURIES,2021,12
SIRIB,RAPE,2021,2
SAN ISIDRO,RAPE, 2021 ,11
"BALENGAENG (BRGY IS NOW UNDER PS 20, DCPO)",RAPE,2021,6
 GUMITAN  ,RAPE, 2021 ,9
FATIMA (BENOWANG),RAPE,2021, 8 
BANGKAS HEIGHTS,RAPE,2021,7
LACSON,RAPE,2021,10
"BALENGAENG (BRGY IS NOW UNDER PS 20, DCPO)",RAPE,2021, 9 
CATALUNAN GRANDE,RAPE,2021,5
BARANGAY 18-B,RAPE,2021,9
BARANGAY 26-C,RAPE,2021,11
"TOMAS MONTEVERDE, SR. (BRGY IS NOW UNDER PS 18, DCPO)",RAPE,2021,6
 BAGO OSHIRO  ,RAPE,2021,8
"BARANGAY 10-A (BRGY UNDER ps 14, DCPO)",RAPE,2021,7
"PACIANO BANGOY (BRGY IS NOW UNDER PS 18, DCPO)",RAPE,2021,1
"SAN ANTONIO (BRGY IS NOW UNDER PS 18, DCPO)",rape,2021,9
 MARILOG  ,RAPE,2021,12
MATINA PANGI,RAPE,2021,7
"INDANGAN (BRGY UNDER PS 13, DCPO)",RAPE,2021,8
LASANG,rape,2021,11
 74-A (MATINA CROSSING)  ,RAPE,2021,4
TACUNAN,RAPE,2021,1
"AGDAO PROPER (BRGY IS NOW UNDER PS 18, DCPO)",Rape,2021,9
" TALANDANG (BRGY IS NOW UNDER PS 20, DCPO)  ",RAPE,2021,12
BARANGAY 32-D,RAPE,2021,2
"DUTERTE (BRGY IS NOW UNDER PS 18, DCPO)",RAPE,2021,12
BINUGAO,RAPE,2021,1
PANACAN,RAPE,2021,11
BARANGAY 2-A (POB.),RAPE,2021,3
TIGATTO,RAPE,2021,7
LASANG,RAPE,2021,7
CARMEN,RAPE,2021,12
"BARANGAY 19-B (POB.) (BRGY UNDER ps 14, DCPO)",RAPE,2021,8
"CATALUNAN PEQUENO (BRGY IS NOW UNDER ps 17, DCPO)",rape,2021,9
LAMANAN,RAPE,2021,9
LIZADA,rape,2021,4
BARANGAY 37-D,RAPE, 2021 , 4 
EDEN,RAPE,2021,4
MARILOG,RAPE,2021,12
 BARANGAY 18-B  ,RAPE,2021,7
DALIAO,RAPE,2021,10
"CATALUNAN PEQUENO (BRGY IS NOW UNDER ps 17, DCPO)",RAPE,2021,9
"ACACIA (BRGY UNDER PS 13, DCPO)",RAPE,2021, 4 
"ANGALAN (BRGY IS NOW UNDER PS 20, DCPO)",RAPE,2021,8
BARANGAY 17-B,RAPE,2021,5
NEW VALENCIA,RAPE,2021,9
"LAPU-LAPU(BRGY IS NOW UNDER PS 18, DCPO)",rape,2021,12
"SAN ANTONIO (BRGY IS NOW UNDER PS 18, DCPO)",rape,2021,6
BARANGAY 38-D (OB.),RAPE,2021,5
BAGUIO PROPER,RAPE,2021,12
MAHAYAG,rape,2021,5
BINUGAO,RAPE,2021,9
"TOMAS MONTEVERDE, SR. (BRGY IS NOW UNDER PS 18, DCPO)",RAPE,2021, 5 
"BARANGAY 8-A (POB.) (BRGY UNDER ps 14, DCPO)",RAPE,2021,3
 MINTAL  ,RAPE,2021,8
MALAGOS,RAPE,2021,6
BAGANIHAN,RAPE,2021,12
BARANGAY 14-B,RAPE,2021,11
BANTOL,RAPE, 2021 ,11
"TIBULOY (BRGY IS NOW UNDER PS 19, DCPO)",rape,2021,10
"WAAN (BRGY UNDER ps 13, DCPO)",rape,2021,12
"BARANGAY 20-B (BRGY IS NOW UNDER PS 18, DCPO)",RAPE, 2021 ,7
"TAGURANO (BRGY IS NOW UNDER PS 19, DCPO)",RAPE,2021,11
"BALIOK (BRGY IS NOW UNDER PS 17, DCPO)",RAPE,2021,3
"BARANGAY 9-A (POB.) (BRGY UNDER PS 14, DCPO)",RAPE,2021,3
LIZADA,RAPE,2021,3
BARANGAY 22-C,RAPE,2021,2
BARANGAY 17-B,RAPE,2021,12
ALAMBRE,RAPE, 2021 ,7
GUMALANG,RAPE,2021,4
76-A (BUCANA),RAPE,2021,6
SASA,RAPE,2021,6
CAWAYAN,RAPE,2021,4
TIGATTO,RAPE,2021,2
SANTO NINO,RAPE,2021,3
BUHANGIN (POB.),RAPE,2021,10
"MAGTUOD (BRGY IS NOW UNDER ps 16, DCPO)",rape,2021,7
"BALIOK (BRGY IS NOW UNDER PS 17, DCPO)",RAPE,2021,5
"MAGTUOD (BRGY IS NOW UNDER ps 16, DCPO)",RAPE,2021,11
BARANGAY 37-D,RAPE,2021,6
ALFONSO ANGLIONGTO SR,RAPE, 2021 ,4
"PACIANO BANGOY (BRGY IS NOW UNDER PS 18, DCPO)",RAPE,2021,3
MULIG,RAPE,2021,6
MAHAYAG,RAPE,2021,6
"LAPU-LAPU(BRGY IS NOW UNDER PS 18, DCPO)",rape,2021,7
76-A (BUCANA),RAPE,2021,11
"AGDAO PROPER (BRGY IS NOW UNDER PS 18, DCPO)",RAPE,2021,8
VICENTE HIZON SR.,RAPE,2021,8
"BALIOK (BRGY IS NOW UNDER PS 17, DCPO)",RAPE,2021,2
 SALOY  ,rape,2021, 3 
"TOMAS MONTEVERDE, SR. (BRGY IS NOW UNDER PS 18, DCPO)",RAPE,2021,12
BUNAWAN (POB.),RAPE,2021,12
TUNGKALAN,RAPE,2021,11
BARANGAY 28-C,RAPE,2021,3
"BAGO APLAYA (BRGY IS NOW UNDER PS 17, DCPO)",RAPE,2021, 6 
SALAPAWAN,Rape,2021,11
SALOY,RAPE,2021,7
SUBASTA,RAPE,2021,11
"BAGO APLAYA (BRGY IS NOW UNDER PS 17, DCPO)",RAPE,2021,1
"BALIOK (BRGY IS NOW UNDER PS 17, DCPO)",RAPE,2021, 9 
TACUNAN,RAPE,2021,11
"CATIGAN (BRGY IS NOW UNDER ps 19, DCPO)",RAPE,2021, 6 
TALOMO RIVER,RAPE,2021,10
"WAAN (BRGY UNDER ps 13, DCPO)",RAPE,2021,1
40-D BOLTON ISLA,RAPE,2021,8
"WAAN (BRGY UNDER ps 13, DCPO)",RAPE,2021,12
MARILOG,RAPE,2021,2
"BARANGAY 19-B (POB.) (BRGY UNDER ps 14, DCPO)",RAPE,2021,12
CARMEN,RAPE,2021, 8 
"BARANGAY 10-A (BRGY UNDER ps 14, DCPO)",RAPE,2021,8
BARANGAY 2-A (POB.),RAPE,2021,3
SASA,rape,2021,1
ULAS ,rape, 2021 ,7
40-D BOLTON ISLA,RAPE,2021,12
ALFONSO ANGLIONGTO SR,RAPE,2021,2
ILANG,RAPE,2021,9
SAN ISIDRO,RAPE,2021,4
TALOMO RIVER,RAPE,2021,6
 LAMANAN  ,RAPE,2021,4
BARANGAY 22-C,RAPE,2021,12
BARANGAY 22-C,RAPE,2021, 9 
BARANGAY 14-B,RAPE,2021,9
 SALAPAWAN  ,RAPE,2021, 10 
"MAGTUOD (BRGY IS NOW UNDER ps 16, DCPO)",RAPE,2021,9
"PACIANO BANGOY (BRGY IS NOW UNDER PS 18, DCPO)",RAPE,2021,5
BARANGAY 2-A (POB.),RAPE,2021,11
"SAN ANTONIO (BRGY IS NOW UNDER PS 18, DCPO)",RAPE,2021,3
COMMUNAL,RAPE,2021,7
ULAS ,RAPE,2021, 3 
PANALUM,RAPE,2021,9
"DUMOY (BRGY IS NOW UNDER PS 17, DCPO)",RAPE,2021,9
TAMAYONG,RAPE,2021,11
BARANGAY 13-B,RAPE,2021,5
TAMAYONG,RAPE,2021,12
VICENTE HIZON SR.,RAPE,2021,12
PAMPANGA,RAPE,2021,12
MALAGOS,RAPE,2021,6
"LAPU-LAPU(BRGY IS NOW UNDER PS 18, DCPO)",RAPE, 2021 ,10
"BARANGAY 10-A (BRGY UNDER ps 14, DCPO)",RAPE,2021,7
BARANGAY 11-A,rape,2021, 12 
"BARANGAY 20-B (BRGY IS NOW UNDER PS 18, DCPO)",RAPE,2021,10
BARANGAY 3-A (POB.),RAPE,2021,8
TUNGKALAN,Rape,2021,2
40-D BOLTON ISLA,RAPE,2021,3
"BAO ESCUELA (BRGY IS NOW UNDER PS 20, DCPO)",Rape,2021,10
 RIVERSIDE  ,RAPE,2021,3
"MANDUG (BRGY UNDER PS 13, DCPO)",rape,2021,1
PAQUIBATO (POB.),RAPE,2021,10
" AGDAO PROPER (BRGY IS NOW UNDER PS 18, DCPO)  ",RAPE,2021,9
LACSON,RAPE,2021,9
40-D BOLTON ISLA,RAPE,2021, 3 
BARANGAY 14-B,RAPE,2021,12
BANGKAS HEIGHTS,RAPE,2021, 7 
BARANGAY 22-C,RAPE,2021,3
BARANGAY 28-C,RAPE,2021,7
"BARANGAY 19-B (POB.) (BRGY UNDER ps 14, DCPO)",RAPE,2021,6
BARANGAY 37-D,RAPE,2021,3
 TORIL (POB.)  ,RAPE,2021, 11 
76-A BUCANA,RAPE,2021,4
"ANGALAN (BRGY IS NOW UNDER PS 20, DCPO)",rape,2021, 5 
" CATALUNAN PEQUENO (BRGY IS NOW UNDER ps 17, DCPO)  ",RAPE, 2021 ,11
WANGAN,RAPE,2021,1
ULAS ,RAPE,2021,10
BAO JOAQUIN,Rape,2021,9
CABANTIAN,RAPE,2021,4
BANGKAS HEIGHTS,RAPE,2021,9
"BAGO APLAYA (BRGY IS NOW UNDER PS 17, DCPO)",rape,2021,3
DALIAO,RAPE,2021,12
 BARANGAY 5-A (POB.)  ,RAPE,2021,5
"TALANDANG (BRGY IS NOW UNDER PS 20, DCPO)",Rape,2021,1
"BALENGAENG (BRGY IS NOW UNDER PS 20, DCPO)",RAPE,2021,3
BARANGAY 2-A (POB.),RAPE,2021,6
MARILOG,RAPE,2021,2
BARANGAY 18-B,RAPE, 2021 ,1
TACUNAN,RAPE,2021,11
"MATINA CROSSING (BRGY IS NOW UNDER PS 15, DCPO)",RAPE,2021,4
"BARANGAY 9-A (POB.) (BRGY UNDER PS 14, DCPO)",RAPE,2021,5
"BALIOK (BRGY IS NOW UNDER PS 17, DCPO)",RAPE,2021,1
SALOY,ROBBERY,2021,10
SALAPAWAN,ROBBERY,2021,12
74-A (MATINA CROSSING),ROBBERY,2021,9
TORIL (POB.),ROBBERY,2021,3
MALAGOS,ROBBERY,2021,2
GUMALANG,robbery,2021,3
"BARANGAY 20-B (BRGY IS NOW UNDER PS 18, DCPO)",ROBBERY,2021,12
"AGDAO PROPER (BRGY IS NOW UNDER PS 18, DCPO)",ROBBERY,2021,9
 MAGSAYSAY  ,ROBBERY,2021,9
TAPAK,ROBBERY,2021, 4 
SALOY,ROBBERY, 2021 ,11
BARANGAY 39-D (POB.),ROBBERY,2021,10
"DUMOY (BRGY IS NOW UNDER PS 17, DCPO)",ROBBERY,2021,11
"MAA (BRGY IS NOW UNDER ps 16, DCPO)",ROBBERY,2021,5
TACUNAN,ROBBERY,2021,11
WANGAN,ROBBERY,2021,4
 NEW VALENCIA  ,ROBBERY,2021,9
" MAGTUOD (BRGY IS NOW UNDER ps 16, DCPO)  ",ROBBERY,2021,11
PAMPANGA,ROBBERY,2021,1
BUNAWAN (POB.),robbery,2021,11
BARANGAY 14-B,ROBBERY,2021,11
40-D BOLTON ISLA,ROBBERY,2021,12
BAYABAS,ROBBERY,2021,7
 DALIAO  ,ROBBERY,2021,10
BAYABAS,ROBBERY,2021, 12 
BARANGAY 3-A (POB.),ROBBERY,2021,6
" BAGO GALLERA (BRGY IS NOW UNDER PS 17, DCPO)  ",ROBBERY,2021,7
"BARANGAY 19-B (POB.) (BRGY UNDER ps 14, DCPO)",ROBBERY,2021,12
 SALAPAWAN  ,ROBBERY,2021,12
BARANGAY 38-D (OB.),ROBBERY,2021,10
BUDA,ROBBERY,2021,11
ALFONSO ANGLIONGTO SR,ROBBERY,2021,12
LACSON,ROBBERY, 2021 ,1
 76-A (BUCANA)  ,robbery,2021,4
SALOY,ROBBERY,2021,11
MINTAL,ROBBERY,2021,8
SALAPAWAN,ROBBERY,2021,11
MALAGOS,ROBBERY,2021,4
MATINA PANGI,ROBBERY,2021,7
"AGDAO PROPER (BRGY IS NOW UNDER PS 18, DCPO)",ROBBERY, 2021 ,5
BARANGAY 18-B,ROBBERY,2021,6
 BINUGAO  ,ROBBERY,2021,6
"PACIANO BANGOY (BRGY IS NOW UNDER PS 18, DCPO)",ROBBERY,2021,8
CAWAYAN,robbery,2021,10
 WANGAN  ,ROBBERY,2021,10
MALABOG,ROBBERY,2021,10
 RIVERSIDE  ,ROBBERY,2021,10
 WANGAN  ,ROBBERY,2021,4
"BARANGAY 9-A (POB.) (BRGY UNDER PS 14, DCPO)",THEFT,2021,8
SALOY,THEFT,2021,9
"CENTRO (SAN JUAN) (BRGY IS NOW UNDER PS 18, DCPO)",THEFT,2021,1
"BAGO GALLERA (BRGY IS NOW UNDER PS 17, DCPO)",theft,2021,9
TAMAYONG,THEFT,2021,4
TIBUNGCO,THEFT,2021,5
BARANGAY 5-A (POB.),THEFT,2021,11
SUBASTA,THEFT,2021, 1 
BANTOL,THEFT,2021,10
"MATINA APLAYA (BRGY UNDER PS 15, DCPO)",THEFT,2021,8
MALAGOS,THEFT,2021, 8 
CARMEN,theft,2021, 9 
"DUTERTE (BRGY IS NOW UNDER PS 18, DCPO)",THEFT,2021,11
TUNGKALAN,THEFT,2021,5
MAPI-ILA,THEFT,2021,4
MALAGOS,Theft,2021,11
FATIMA (BENOWANG),theft,2021,9
BAYABAS,THEFT,2021,10
 LIZADA  ,THEFT,2021,1
TUGBOK (POB.),THEFT,2021,9
BUHANGIN (POB.),THEFT,2021,2
" SAN ANTONIO (BRGY IS NOW UNDER PS 18, DCPO)  ",THEFT,2021,3
LACSON,THEFT, 2021 ,4
MALAGOS,THEFT,2021,1
BAYABAS,THEFT, 2021 ,5
"BARANGAY 19-B (POB.) (BRGY UNDER ps 14, DCPO)",THEFT,2021,10
"TIBULOY (BRGY IS NOW UNDER PS 19, DCPO)",THEFT,2021,8
LIZADA,THEFT,2021,1
"TALANDANG (BRGY IS NOW UNDER PS 20, DCPO)",THEFT,2021,4
 BARANGAY 39-D (POB.)  ,THEFT,2021, 10 
" ACACIA (BRGY UNDER PS 13, DCPO)  ",THEFT,2021,10
BARANGAY 37-D,THEFT,2021,11
 ULAS   ,THEFT,2021,11
PAMPANGA,THEFT, 2021 ,12
BAO JOAQUIN,THEFT,2021,10
MAGSAYSAY,THEFT,2021, 8 
74-A (MATINA CROSSING),THEFT,2021,9
 MALABOG  ,THEFT, 2021 , 11 
MALABOG,theft,2021,9
BUDA,theft,2021,8
 CALINAN (POB.)  ,THEFT,2021,6
"MANDUG (BRGY UNDER PS 13, DCPO)",THEFT,2021,7
" PACIANO BANGOY (BRGY IS NOW UNDER PS 18, DCPO)  ",THEFT,2021,10
LAMANAN,THEFT, 2021 ,1
"BAGO APLAYA (BRGY IS NOW UNDER PS 17, DCPO)",THEFT,2021,6
BAGANIHAN,THEFT,2021,1
BARANGAY 2-A (POB.),theft,2021,10
"ACACIA (BRGY UNDER PS 13, DCPO)",theft,2021,12
76-A (BUCANA),THEFT,2021,10
"BALIOK (BRGY IS NOW UNDER PS 17, DCPO)",THEFT,2021, 2 
 BARANGAY 23-C  ,theft,2021,9
 WINES  ,THEFT,2021,5
DALIAO,THEFT,2021,5
 BUDA  ,THEFT,2021,1
PAMPANGA,THEFT,2021,5
"MAGTUOD (BRGY IS NOW UNDER ps 16, DCPO)",THEFT,2021,11
"CATIGAN (BRGY IS NOW UNDER ps 19, DCPO)",THEFT,2021,3
 BAGO OSHIRO  ,theft,2021,12
TUGBOK (POB.),THEFT, 2021 ,9
BARANGAY 5-A (POB.),THEFT,2021,4
MAHAYAG,THEFT, 2021 ,4
BUNAWAN (POB.),THEFT,2021,12
CAWAYAN,THEFT,2021,8
" PACIANO BANGOY (BRGY IS NOW UNDER PS 18, DCPO)  ",THEFT,2021,10
BARANGAY 38-D (OB.),THEFT,2021,10
" MAGTUOD (BRGY IS NOW UNDER ps 16, DCPO)  ",THEFT,2021,10
"DUMOY (BRGY IS NOW UNDER PS 17, DCPO)",theft,2021, 5 
COMMUNAL,THEFT,2021,7
BAO JOAQUIN,THEFT,2021,4
LUBOGAN,THEFT,2021, 10 
BUNAWAN (POB.),THEFT,2021,2
 BARANGAY 39-D (POB.)  ,THEFT,2021,2
"BAGO APLAYA (BRGY IS NOW UNDER PS 17, DCPO)",theft,2021,11
SALAPAWAN,Theft,2021,4
MALABOG,THEFT, 2021 ,11
"BARANGAY 9-A (POB.) (BRGY UNDER PS 14, DCPO)",THEFT,2021,3
"CENTRO (SAN JUAN) (BRGY IS NOW UNDER PS 18, DCPO)",theft,2021,9
TAMUGAN,THEFT,2021,8
" CATALUNAN PEQUENO (BRGY IS NOW UNDER ps 17, DCPO)  ",THEFT, 2021 ,12
CARMEN,THEFT,2021, 10 
TIBUNGCO,THEFT,2021,6
BARANGAY 13-B,theft,2021,2
LUBOGAN,THEFT, 2021 ,4
"MANUEL GUIANGA (BRGY IS NOW UNDER PS 20, DCPO)",theft,2021,12
"MAGTUOD (BRGY IS NOW UNDER ps 16, DCPO)",THEFT,2021,4
"BALENGAENG (BRGY IS NOW UNDER PS 20, DCPO)",THEFT,2021,5
BARANGAY 22-C,THEFT, 2021 ,9
74-A (MATINA CROSSING),THEFT, 2021 ,11
TACUNAN,theft,2021,7
"MATINA APLAYA (BRGY UNDER PS 15, DCPO)",THEFT,2021,12
" LOS AMIGOS (BRGY IS NOW UNDER PS 20, DCPO)  ",THEFT,2021,12
CATALUNAN GRANDE,THEFT,2021,11
 BARANGAY 32-D  ,THEFT,2021, 4 
"BARANGAY 8-A (POB.) (BRGY UNDER ps 14, DCPO)",CARNAPPING_MV,2021,8
SUAWAN (TULI),carnapping_mv,2021,3
TAMBOBONG,CARNAPPING_MC, 2021 ,3
MABUHAY,carnapping_mc,2021,12
"BAGO APLAYA (BRGY IS NOW UNDER PS 17, DCPO)",CARNAPPING_MC,2021, 9 
"BAGO GALLERA (BRGY IS NOW UNDER PS 17, DCPO)",CARNAPPING_MC,2021,9
BAGUIO PROPER,CARNAPPING_MC,2021,10
SALUMAY,CARNAPPING_MC,2021,6
 COMMUNAL  ,CARNAPPING_MC,2021, 4 
LIZADA,MURDER,2022,4
" BARANGAY 8-A (POB.) (BRGY UNDER ps 14, DCPO)  ",MURDER,2022,8
BARANGAY 38-D (OB.),MURDER,2022,6
BARANGAY 14-B,MURDER,2022,12
ULAS ,MURDER,2022,2
LASANG,MURDER,2022,2
 MAGSAYSAY  ,MURDER,2022,3
CAWAYAN,MURDER,2022,11
TAMUGAN,MURDER,2022, 2 
CAWAYAN,MURDER, 2022 ,11
VICENTE HIZON SR.,MURDER,2022, 5 
 CATALUNAN GRANDE  ,MURDER,2022,11
BARANGAY 18-B,MURDER,2022,12
 PAMPANGA  ,MURDER,2022, 1 
 PAQUIBATO (POB.)  ,MURDER,2022,10
BUNAWAN (POB.),MURDER,2022,12
BARANGAY 39-D (POB.),MURDER,2022,7
TALOMO (POB.),MURDER,2022,6
BUDA,MURDER,2022,6
DALIAO,MURDER,2022,6
BARANGAY 28-C,MURDER,2022,4
"TOMAS MONTEVERDE, SR. (BRGY IS NOW UNDER PS 18, DCPO)",murder,2022,8
MALABOG,MURDER,2022,8
"BARANGAY 10-A (BRGY UNDER ps 14, DCPO)",MURDER,2022,7
WANGAN,MURDER,2022,4
CARMEN,MURDER,2022,9
NEW VALENCIA,MURDER,2022,7
 WANGAN  ,murder,2022,6
LUBOGAN,MURDER,2022,5
TUGBOK (POB.),MURDER, 2022 ,6
"DUMOY (BRGY IS NOW UNDER PS 17, DCPO)",MURDER,2022,2
TACUNAN,MURDER,2022, 4 
 LUBOGAN  ,MURDER,2022,11
 BARANGAY 14-B  ,MURDER,2022,7
"BARANGAY 8-A (POB.) (BRGY UNDER ps 14, DCPO)",murder,2022,7
RIVERSIDE,Murder,2022,11
GUMALANG,MURDER,2022,3
"BARANGAY 20-B (BRGY IS NOW UNDER PS 18, DCPO)",MURDER,2022,10
BUDA,MURDER,2022,7
 DALIAO  ,MURDER,2022,11
40-D BOLTON ISLA,Murder,2022,3
 SALUMAY  ,MURDER,2022,5
CALINAN (POB.),MURDER,2022,3
"MAA (BRGY IS NOW UNDER ps 16, DCPO)",MURDER,2022, 12 
"BALIOK (BRGY IS NOW UNDER PS 17, DCPO)",MURDER,2022,7
"TOMAS MONTEVERDE, SR. (BRGY IS NOW UNDER PS 18, DCPO)",MURDER,2022, 10 
CALINAN (POB.),MURDER,2022,7
TUGBOK (POB.),MURDER,2022,10
 BAGANIHAN  ,MURDER,2022,1
"CATALUNAN PEQUENO (BRGY IS NOW UNDER ps 17, DCPO)",HOMICIDE,2022,5
BARANGAY 18-B,HOMICIDE,2022,10
SAN ISIDRO,HOMICIDE,2022,5
BUNAWAN (POB.),HOMICIDE,2022,6
"INDANGAN (BRGY UNDER PS 13, DCPO)",HOMICIDE, 2022 ,8
TUNGKALAN,HOMICIDE,2022,4
BARANGAY 3-A (POB.),HOMICIDE,2022,8
 PANALUM  ,PHYSICAL INJURIES,2022, 1 
"TOMAS MONTEVERDE, SR. (BRGY IS NOW UNDER PS 18, DCPO)",PHYSICAL INJURIES,2022,10
MALABOG,PHYSICAL INJURIES,2022,3
TALOMO RIVER,PHYSICAL INJURIES,2022,4
"PACIANO BANGOY (BRGY IS NOW UNDER PS 18, DCPO)",PHYSICAL INJURIES,2022,12
"TOMAS MONTEVERDE, SR. (BRGY IS NOW UNDER PS 18, DCPO)",PHYSICAL INJURIES,2022,1
"BARANGAY 9-A (POB.) (BRGY UNDER PS 14, DCPO)",Physical Injuries,2022,3
 BANTOL  ,PHYSICAL INJURIES,2022,6
COMMUNAL,PHYSICAL INJURIES,2022,8
RIVERSIDE,PHYSICAL INJURIES,2022, 6 
 SAN ISIDRO  ,PHYSICAL INJURIES,2022,8
 ALAMBRE  ,PHYSICAL INJURIES,2022,9
"CATALUNAN PEQUENO (BRGY IS NOW UNDER ps 17, DCPO)",PHYSICAL INJURIES,2022,6
TALOMO (POB.),PHYSICAL INJURIES,2022,6
 BARANGAY 26-C  ,PHYSICAL INJURIES,2022,6
BARANGAY 11-A,PHYSICAL INJURIES,2022,7
SIRIB,Physical Injuries,2022,12
"BARANGAY 20-B (BRGY IS NOW UNDER PS 18, DCPO)",PHYSICAL INJURIES,2022, 12 
"CATIGAN (BRGY IS NOW UNDER ps 19, DCPO)",PHYSICAL INJURIES,2022,11
LUBOGAN,PHYSICAL INJURIES,2022,2
TUGBOK (POB.),PHYSICAL INJURIES,2022, 1 
"DUTERTE (BRGY IS NOW UNDER PS 18, DCPO)",PHYSICAL INJURIES,2022,9
SALOY,PHYSICAL INJURIES,2022,6
"ANGALAN (BRGY IS NOW UNDER PS 20, DCPO)",PHYSICAL INJURIES,2022,9
BARANGAY 27-C,PHYSICAL INJURIES,2022,11
"BARANGAY 10-A (BRGY UNDER ps 14, DCPO)",PHYSICAL INJURIES,2022,6
TALOMO RIVER,PHYSICAL INJURIES,2022,8
BAGUIO PROPER,Physical Injuries,2022,4
"BARANGAY 8-A (POB.) (BRGY UNDER ps 14, DCPO)",physical injuries,2022,9
TIBUNGCO,PHYSICAL INJURIES,2022,7
"BAO ESCUELA (BRGY IS NOW UNDER PS 20, DCPO)",PHYSICAL INJURIES,2022, 3 
SUBASTA,Physical Injuries,2022,3
SUBASTA,PHYSICAL INJURIES,2022,2
BARANGAY 37-D,PHYSICAL INJURIES,2022,7
MATINA PANGI,RAPE,2022,11
BARANGAY 32-D,RAPE,2022,5
WINES,RAPE,2022,10
BUDA,RAPE, 2022 ,12
PAQUIBATO (POB.),RAPE,2022,12
"MAGTUOD (BRGY IS NOW UNDER ps 16, DCPO)",RAPE,2022,2
PAMPANGA,RAPE, 2022 ,6
"BAGO GALLERA (BRGY IS NOW UNDER PS 17, DCPO)",RAPE,2022,12
76-A BUCANA,RAPE,2022,8
"BAO ESCUELA (BRGY IS NOW UNDER PS 20, DCPO)",RAPE,2022,12
MAPI-ILA,RAPE,2022,10
76-A (BUCANA),RAPE,2022,7
GUMITAN,RAPE,2022,7
"ACACIA (BRGY UNDER PS 13, DCPO)",RAPE,2022,2
"BARANGAY 19-B (POB.) (BRGY UNDER ps 14, DCPO)",RAPE,2022,4
"TOMAS MONTEVERDE, SR. (BRGY IS NOW UNDER PS 18, DCPO)",RAPE,2022,5
BARANGAY 11-A,RAPE,2022,6
"TOMAS MONTEVERDE, SR. (BRGY IS NOW UNDER PS 18, DCPO)",RAPE,2022,4
TORIL (POB.),RAPE,2022,8
LASANG,RAPE,2022,2
"ACACIA (BRGY UNDER PS 13, DCPO)",RAPE,2022,7
TUNGKALAN,rape,2022,1
"TOMAS MONTEVERDE, SR. (BRGY IS NOW UNDER PS 18, DCPO)",RAPE,2022,4
" BARANGAY 10-A (BRGY UNDER ps 14, DCPO)  ",RAPE,2022,4
TAMUGAN,RAPE,2022,6
 MATINA PANGI  ,Rape,2022,4
76-A BUCANA,RAPE,2022,6
MARAPANGI,RAPE,2022,7
"TALANDANG (BRGY IS NOW UNDER PS 20, DCPO)",RAPE,2022,5
 SUAWAN (TULI)  ,RAPE,2022, 7 
BARANGAY 13-B,RAPE,2022,1
"BARANGAY 20-B (BRGY IS NOW UNDER PS 18, DCPO)",Rape,2022, 6 
BARANGAY 39-D (POB.),RAPE,2022,5
"AGDAO PROPER (BRGY IS NOW UNDER PS 18, DCPO)",RAPE,2022, 7 
BARANGAY 38-D (OB.),RAPE,2022,9
"MAA (BRGY IS NOW UNDER ps 16, DCPO)",RAPE,2022,4
BAGANIHAN,RAPE, 2022 , 3 
BARANGAY 14-B,RAPE,2022,10
PAMPANGA,RAPE,2022,12
TAMBOBONG,RAPE,2022,8
LIZADA,RAPE,2022,7
VICENTE HIZON SR.,RAPE,2022,10
 SALOY  ,RAPE,2022,10
SALUMAY,RAPE,2022,4
TAMUGAN,RAPE,2022,2
"BARANGAY 10-A (BRGY UNDER ps 14, DCPO)",RAPE,2022,12
"AQUINO (BRGY IS NOW UNDER PS 18, DCPO)",RAPE,2022,3
LAMANAN,RAPE,2022,12
 GUMALANG  ,RAPE,2022,1
TALOMO (POB.),RAPE,2022,10
BAYABAS,RAPE,2022,12
"BARANGAY 8-A (POB.) (BRGY UNDER ps 14, DCPO)",Rape,2022,5
 BARANGAY 18-B  ,RAPE, 2022 ,6
LUBOGAN,rape,2022,6
"DUTERTE (BRGY IS NOW UNDER PS 18, DCPO)",RAPE, 2022 ,12
"LOS AMIGOS (BRGY IS NOW UNDER PS 20, DCPO)",RAPE,2022,10
" BARANGAY 10-A (BRGY UNDER ps 14, DCPO)  ",rape, 2022 ,1
MATINA PANGI,RAPE,2022,12
CALINAN (POB.),RAPE,2022,11
TUNGKALAN,RAPE,2022,10
" AQUINO (BRGY IS NOW UNDER PS 18, DCPO)  ",RAPE,2022,1
76-A (BUCANA),RAPE,2022,8
MAPI-ILA,RAPE,2022,6
"AQUINO (BRGY IS NOW UNDER PS 18, DCPO)",RAPE,2022, 10 
BARANGAY 28-C,RAPE,2022,7
"LOS AMIGOS (BRGY IS NOW UNDER PS 20, DCPO)",RAPE,2022,11
PANALUM,RAPE,2022,4
 TAMAYONG  ,RAPE, 2022 ,10
MARAPANGI,RAPE,2022,1
 CATALUNAN GRANDE  ,RAPE,2022,7
"SAN ANTONIO (BRGY IS NOW UNDER PS 18, DCPO)",RAPE,2022,11
"BAO ESCUELA (BRGY IS NOW UNDER PS 20, DCPO)",RAPE,2022,9
 SAN ISIDRO  ,RAPE,2022,8
RIVERSIDE,RAPE,2022, 2 
 BARANGAY 18-B  ,RAPE,2022,4
"AGDAO PROPER (BRGY IS NOW UNDER PS 18, DCPO)",RAPE,2022,7
 CAWAYAN  ,RAPE,2022,12
 PAQUIBATO (POB.)  ,RAPE,2022,5
WANGAN,RAPE,2022,5
SALAYSAY,RAPE,2022,11
BARANGAY 5-A (POB.),RAPE,2022,2
BARANGAY 3-A (POB.),RAPE,2022,8
BARANGAY 22-C,RAPE,2022,10
"CATALUNAN PEQUENO (BRGY IS NOW UNDER ps 17, DCPO)",RAPE,2022,8
 TALOMO (POB.)  ,RAPE,2022,8
"DUMOY (BRGY IS NOW UNDER PS 17, DCPO)",RAPE,2022,3
SIRIB,RAPE,2022, 7 
CARMEN,RAPE,2022,11
"CATIGAN (BRGY IS NOW UNDER ps 19, DCPO)",RAPE,2022,7
PANALUM,RAPE,2022,4
PANALUM,RAPE,2022,10
"DUTERTE (BRGY IS NOW UNDER PS 18, DCPO)",RAPE,2022,2
" ANGALAN (BRGY IS NOW UNDER PS 20, DCPO)  ",RAPE,2022, 12 
TUNGKALAN,RAPE,2022,11
 BARANGAY 18-B  ,Rape, 2022 ,7
BARANGAY 39-D (POB.),RAPE,2022,7
LUBOGAN,RAPE, 2022 ,6
 BUNAWAN (POB.)  ,RAPE,2022,8
BUHANGIN (POB.),RAPE,2022,7
BARANGAY 28-C,RAPE,2022, 3 
LIZADA,RAPE,2022,8
MALABOG,RAPE,2022,4
"PACIANO BANGOY (BRGY IS NOW UNDER PS 18, DCPO)",RAPE,2022,2
WANGAN,RAPE,2022,4
BARANGAY 37-D,RAPE, 2022 ,4
"BALIOK (BRGY IS NOW UNDER PS 17, DCPO)",RAPE,2022,10
DALIAO,RAPE,2022,6
CARMEN,rape,2022,11
"MANUEL GUIANGA (BRGY IS NOW UNDER PS 20, DCPO)",RAPE,2022,6
"CATIGAN (BRGY IS NOW UNDER ps 19, DCPO)",RAPE,2022,9
"DUMOY (BRGY IS NOW UNDER PS 17, DCPO)",RAPE,2022,10
"TAGURANO (BRGY IS NOW UNDER PS 19, DCPO)",RAPE,2022,2
ULAS ,RAPE,2022,5
 WANGAN  ,rape, 2022 ,12
ULAS ,RAPE,2022,12
CALINAN (POB.),RAPE,2022, 1 
76-A BUCANA,RAPE,2022, 7 
"BARANGAY 10-A (BRGY UNDER ps 14, DCPO)",RAPE,2022,7
" BARANGAY 20-B (BRGY IS NOW UNDER PS 18, DCPO)  ",RAPE,2022,4
76-A BUCANA,RAPE,2022,12
SUBASTA,RAPE,2022,12
ULAS ,rape,2022,11
MABUHAY,RAPE,2022, 5 
BAGANIHAN,RAPE,2022,7
CALINAN (POB.),RAPE,2022,2
SALAYSAY,RAPE,2022,1
BUNAWAN (POB.),RAPE, 2022 ,11
CARMEN,rape,2022,10
SANTO NINO,RAPE, 2022 ,5
MAGSAYSAY,RAPE,2022,11
76-A BUCANA,RAPE,2022,6
 CABANTIAN  ,RAPE,2022,5
GUMITAN,RAPE,2022,7
BARANGAY 28-C,RAPE,2022,10
40-D BOLTON ISLA,RAPE,2022,7
BAO JOAQUIN,RAPE,2022,4
SUAWAN (TULI),RAPE,2022,4
BARANGAY 13-B,RAPE,2022,9
ALFONSO ANGLIONGTO SR,RAPE,2022,4
 BARANGAY 22-C  ,RAPE, 2022 ,3
MABUHAY,RAPE,2022,6
SALAYSAY,RAPE,2022,11
PAMPANGA,RAPE,2022,6
"AQUINO (BRGY IS NOW UNDER PS 18, DCPO)",RAPE,2022,6
WINES,RAPE,2022,8
PAMPANGA,RAPE,2022,6
"BARANGAY 19-B (POB.) (BRGY UNDER ps 14, DCPO)",RAPE,2022,6
"DUMOY (BRGY IS NOW UNDER PS 17, DCPO)",RAPE,2022,2
BARANGAY 28-C,RAPE,2022,8
CAWAYAN,RAPE, 2022 ,11
"BARANGAY 19-B (POB.) (BRGY UNDER ps 14, DCPO)",RAPE,2022,10
74-A (MATINA CROSSING),RAPE,2022,10
"BARANGAY 10-A (BRGY UNDER ps 14, DCPO)",RAPE,2022,9
" LAPU-LAPU(BRGY IS NOW UNDER PS 18, DCPO)  ",RAPE,2022, 9 
"BARANGAY 9-A (POB.) (BRGY UNDER PS 14, DCPO)",rape, 2022 ,7
BAGANIHAN,RAPE,2022, 11 
GUMITAN,RAPE,2022,12
MARILOG,RAPE,2022,9
"LOS AMIGOS (BRGY IS NOW UNDER PS 20, DCPO)",RAPE,2022,11
BARANGAY 39-D (POB.),RAPE,2022,11
"INDANGAN (BRGY UNDER PS 13, DCPO)",RAPE,2022,12
BANGKAS HEIGHTS,RAPE,2022, 6 
BAGANIHAN,rape,2022,9
LAMANAN,RAPE,2022,10
CARMEN,Rape,2022,10
MAPI-ILA,rape,2022,12
BAGO OSHIRO,RAPE,2022,11
 SALUMAY  ,RAPE,2022,11
 MALAGOS  ,rape,2022,2
SUAWAN (TULI),RAPE,2022,12
"BAGO APLAYA (BRGY IS NOW UNDER PS 17, DCPO)",rape,2022,4
TIBUNGCO,RAPE,2022,6
74-A (MATINA CROSSING),RAPE,2022,1
MATINA PANGI,RAPE,2022,10
SASA,RAPE,2022,4
"AGDAO PROPER (BRGY IS NOW UNDER PS 18, DCPO)",RAPE, 2022 ,11
MAGSAYSAY,RAPE,2022,3
" BARANGAY 8-A (POB.) (BRGY UNDER ps 14, DCPO)  ",RAPE,2022, 1 
PAMPANGA,RAPE,2022, 5 
" DUTERTE (BRGY IS NOW UNDER PS 18, DCPO)  ",RAPE,2022,12
"TAGURANO (BRGY IS NOW UNDER PS 19, DCPO)",RAPE,2022, 10 
CATALUNAN GRANDE,RAPE,2022,12
TALOMO (POB.),RAPE,2022,4
BUDA,RAPE,2022,6
CABANTIAN,RAPE,2022,11
MARILOG,RAPE,2022,7
"MAGTUOD (BRGY IS NOW UNDER ps 16, DCPO)",RAPE,2022,11
"AGDAO PROPER (BRGY IS NOW UNDER PS 18, DCPO)",RAPE,2022,4
"BARANGAY 9-A (POB.) (BRGY UNDER PS 14, DCPO)",RAPE,2022,9
"BARANGAY 20-B (BRGY IS NOW UNDER PS 18, DCPO)",ROBBERY,2022,8
BARANGAY 27-C,ROBBERY,2022,7
WINES,ROBBERY,2022,11
MARILOG,robbery,2022,2
MAPI-ILA,ROBBERY,2022,7
 GUMITAN  ,Robbery,2022,12
 PAMPANGA  ,ROBBERY,2022,8
BARANGAY 28-C,ROBBERY, 2022 ,4
"DUTERTE (BRGY IS NOW UNDER PS 18, DCPO)",ROBBERY,2022,1
BARANGAY 2-A (POB.),ROBBERY,2022,6
MAPI-ILA,Robbery,2022,1
BARANGAY 11-A,ROBBERY, 2022 ,9
DALIAO,ROBBERY,2022,12
MULIG,ROBBERY,2022,10
SALAPAWAN,ROBBERY,2022,6
BAO JOAQUIN,ROBBERY, 2022 ,12
"BAGO APLAYA (BRGY IS NOW UNDER PS 17, DCPO)",ROBBERY,2022,6
MAHAYAG,ROBBERY,2022,8
" MAA (BRGY IS NOW UNDER ps 16, DCPO)  ",ROBBERY,2022,6
"LAPU-LAPU(BRGY IS NOW UNDER PS 18, DCPO)",ROBBERY,2022,10
SALAYSAY,ROBBERY,2022,7
MATINA PANGI,ROBBERY,2022, 3 
TACUNAN,ROBBERY,2022,7
"WAAN (BRGY UNDER ps 13, DCPO)",ROBBERY,2022,3
"BARANGAY 8-A (POB.) (BRGY UNDER ps 14, DCPO)",ROBBERY,2022,1
TAMUGAN,ROBBERY,2022,5
CABANTIAN,ROBBERY,2022,11
BARANGAY 32-D,ROBBERY,2022, 11 
ALFONSO ANGLIONGTO SR,Robbery,2022,7
MAGSAYSAY,Robbery,2022,11
BARANGAY 14-B,ROBBERY,2022,12
TAMAYONG,Robbery,2022,11
BUDA,ROBBERY,2022,4
TALOMO RIVER,ROBBERY,2022,12
" BALIOK (BRGY IS NOW UNDER PS 17, DCPO)  ",ROBBERY,2022,4
 RIVERSIDE  ,ROBBERY,2022,7
TIGATTO,robbery,2022,9
MULIG,ROBBERY,2022,12
TACUNAN,ROBBERY,2022,11
BANGKAS HEIGHTS,ROBBERY,2022,12
TUNGKALAN,robbery,2022,8
MAPI-ILA,ROBBERY, 2022 , 12 
BARANGAY 37-D,ROBBERY,2022,5
"BALIOK (BRGY IS NOW UNDER PS 17, DCPO)",ROBBERY,2022,3
 FATIMA (BENOWANG)  ,robbery,2022,12
TAMAYONG,ROBBERY,2022, 12 
MATINA PANGI,ROBBERY,2022,12
"MATINA APLAYA (BRGY UNDER PS 15, DCPO)",ROBBERY,2022,2
 BARANGAY 37-D  ,ROBBERY,2022,9
"WAAN (BRGY UNDER ps 13, DCPO)",ROBBERY,2022,4
 PAQUIBATO (POB.)  ,ROBBERY,2022,11
" INDANGAN (BRGY UNDER PS 13, DCPO)  ",Robbery,2022,11
"TAGURANO (BRGY IS NOW UNDER PS 19, DCPO)",robbery,2022,9
"DUTERTE (BRGY IS NOW UNDER PS 18, DCPO)",ROBBERY,2022,10
TIBUNGCO,Robbery,2022,1
"BALENGAENG (BRGY IS NOW UNDER PS 20, DCPO)",ROBBERY,2022,7
"INDANGAN (BRGY UNDER PS 13, DCPO)",ROBBERY,2022,9
"INDANGAN (BRGY UNDER PS 13, DCPO)",ROBBERY,2022,10
SASA,ROBBERY,2022,9
MAHAYAG,ROBBERY,2022,12
"MANDUG (BRGY UNDER PS 13, DCPO)",ROBBERY,2022,6
"LAPU-LAPU(BRGY IS NOW UNDER PS 18, DCPO)",ROBBERY,2022, 5 
BARANGAY 38-D (OB.),ROBBERY,2022,6
 ALAMBRE  ,robbery,2022,11
 TIBUNGCO  ,ROBBERY,2022,12
BARANGAY 3-A (POB.),ROBBERY,2022,12
"WAAN (BRGY UNDER ps 13, DCPO)",ROBBERY,2022, 9 
FATIMA (BENOWANG),ROBBERY,2022,11
"BARANGAY 20-B (BRGY IS NOW UNDER PS 18, DCPO)",THEFT,2022,12
BINUGAO,Theft,2022,8
"BAGO APLAYA (BRGY IS NOW UNDER PS 17, DCPO)",THEFT,2022,12
74-A (MATINA CROSSING),THEFT,2022, 7 
 BANGKAS HEIGHTS  ,THEFT,2022,4
MARAPANGI,THEFT, 2022 ,4
WINES,THEFT,2022,12
"TOMAS MONTEVERDE, SR. (BRGY IS NOW UNDER PS 18, DCPO)",THEFT,2022,6
CATALUNAN GRANDE,THEFT,2022,4
MALAGOS,THEFT, 2022 ,7
TORIL (POB.),THEFT,2022,2
LAMANAN,THEFT,2022, 9 
TAMUGAN,THEFT,2022,12
TALOMO RIVER,THEFT,2022,9
BARANGAY 13-B,THEFT,2022, 3 
BUNAWAN (POB.),THEFT,2022,7
TAMUGAN,THEFT,2022,8
"TOMAS MONTEVERDE, SR. (BRGY IS NOW UNDER PS 18, DCPO)",Theft,2022,9
SALAYSAY,THEFT,2022,11
"CENTRO (SAN JUAN) (BRGY IS NOW UNDER PS 18, DCPO)",THEFT,2022,3
SIRIB,THEFT,2022,11
BARANGAY 13-B,Theft,2022,4
LAMANAN,THEFT,2022,7
BINUGAO,THEFT,2022,12
BANTOL,THEFT,2022,12
"BAGO APLAYA (BRGY IS NOW UNDER PS 17, DCPO)",THEFT,2022,12
TACUNAN,THEFT,2022,12
 BARANGAY 28-C  ,THEFT,2022,12
BARANGAY 3-A (POB.),THEFT,2022,9
"MANDUG (BRGY UNDER PS 13, DCPO)",THEFT,2022,8
"MANUEL GUIANGA (BRGY IS NOW UNDER PS 20, DCPO)",THEFT,2022,12
"AQUINO (BRGY IS NOW UNDER PS 18, DCPO)",THEFT,2022,5
CABANTIAN,THEFT,2022,11
"BALENGAENG (BRGY IS NOW UNDER PS 20, DCPO)",THEFT,2022,6
SALOY,THEFT,2022,2
TUGBOK (POB.),THEFT,2022,8
BARANGAY 2-A (POB.),theft,2022,11
74-A (MATINA CROSSING),THEFT,2022,7
BAGO OSHIRO,THEFT,2022,9
TAMUGAN,THEFT,2022,12
BUDA,THEFT,2022,2
"MATINA APLAYA (BRGY UNDER PS 15, DCPO)",THEFT,2022,5
WINES,THEFT,2022,8
" PACIANO BANGOY (BRGY IS NOW UNDER PS 18, DCPO)  ",THEFT,2022,7
TUGBOK (POB.),THEFT,2022,3
SALAYSAY,THEFT,2022,8
TAMAYONG,THEFT,2022,11
TALOMO (POB.),THEFT,2022,2
BAO JOAQUIN,THEFT,2022,12
BARANGAY 11-A,THEFT,2022,11
BARANGAY 11-A,THEFT,2022, 8 
BAGO OSHIRO,THEFT, 2022 ,10
"LOS AMIGOS (BRGY IS NOW UNDER PS 20, DCPO)",THEFT,2022,2
BINUGAO,THEFT, 2022 ,6
" BARANGAY 10-A (BRGY UNDER ps 14, DCPO)  ",THEFT,2022,9
CAWAYAN,THEFT,2022,4
"AQUINO (BRGY IS NOW UNDER PS 18, DCPO)",THEFT,2022,3
EDEN,THEFT,2022,12
"BAO ESCUELA (BRGY IS NOW UNDER PS 20, DCPO)",THEFT,2022,5
TUNGKALAN,THEFT, 2022 ,12
"TALANDANG (BRGY IS NOW UNDER PS 20, DCPO)",THEFT,2022,4
MALABOG,THEFT,2022,7
WINES,theft, 2022 , 6 
BARANGAY 22-C,THEFT, 2022 ,8
 PAQUIBATO (POB.)  ,THEFT,2022,8
76-A (BUCANA),THEFT,2022,3
 MARILOG  ,THEFT,2022,12
NEW VALENCIA,THEFT,2022,11
 GUMALANG  ,THEFT,2022, 6 
BUHANGIN (POB.),THEFT,2022,11
 BANGKAS HEIGHTS  ,THEFT,2022,6
GUMALANG,Theft,2022,2
 SUBASTA  ,THEFT,2022,2
BARANGAY 11-A,THEFT,2022,5
PANACAN,THEFT,2022,2
"DUMOY (BRGY IS NOW UNDER PS 17, DCPO)",THEFT,2022,12
 EDEN  ,THEFT,2022,7
"LAPU-LAPU(BRGY IS NOW UNDER PS 18, DCPO)",THEFT,2022,11
BARANGAY 22-C,theft,2022,8
BARANGAY 37-D,Theft, 2022 , 10 
"ACACIA (BRGY UNDER PS 13, DCPO)",THEFT,2022,6
BARANGAY 37-D,THEFT,2022,9
PANALUM,THEFT,2022,11
"BALIOK (BRGY IS NOW UNDER PS 17, DCPO)",THEFT,2022,9
"TIBULOY (BRGY IS NOW UNDER PS 19, DCPO)",THEFT,2022,1
"TIBULOY (BRGY IS NOW UNDER PS 19, DCPO)",THEFT,2022,3
BARANGAY 23-C,THEFT, 2022 ,1
BANGKAS HEIGHTS,THEFT,2022,12
TIGATTO,THEFT,2022, 5 
EDEN,theft,2022,12
76-A BUCANA,THEFT,2022,3
"BAGO APLAYA (BRGY IS NOW UNDER PS 17, DCPO)",THEFT,2022,3
"AGDAO PROPER (BRGY IS NOW UNDER PS 18, DCPO)",THEFT,2022,9
"AGDAO PROPER (BRGY IS NOW UNDER PS 18, DCPO)",THEFT,2022,6
"TAGURANO (BRGY IS NOW UNDER PS 19, DCPO)",THEFT,2022, 3 
 BARANGAY 17-B  ,THEFT,2022,1
 CALINAN (POB.)  ,theft,2022, 10 
 74-A (MATINA CROSSING)  ,THEFT, 2022 ,11
BUDA,Theft,2022,9
"MANUEL GUIANGA (BRGY IS NOW UNDER PS 20, DCPO)",THEFT, 2022 ,10
TUGBOK (POB.),THEFT,2022,9
SALAPAWAN,THEFT,2022,10
EDEN,THEFT,2022,10
DALIAO,Theft,2022,10
ALAMBRE,THEFT,2022,5
SANTO NINO,THEFT,2022,3
WANGAN,THEFT,2022,11
SALUMAY,THEFT, 2022 ,7
"TAGURANO (BRGY IS NOW UNDER PS 19, DCPO)",THEFT,2022,5
TAMUGAN,THEFT,2022,10
PAMPANGA,THEFT,2022,12
TAMUGAN,THEFT,2022,11
PANALUM,THEFT,2022,1
SUBASTA,THEFT,2022,1
BARANGAY 11-A,THEFT,2022,8
SANTO NINO,THEFT,2022, 11 
SALAYSAY,THEFT,2022,5
TIBUNGCO,THEFT,2022,12
"SAN ANTONIO (BRGY IS NOW UNDER PS 18, DCPO)",THEFT,2022,12
"PACIANO BANGOY (BRGY IS NOW UNDER PS 18, DCPO)",THEFT,2022,3
BARANGAY 13-B,THEFT,2022,2
"BARANGAY 9-A (POB.) (BRGY UNDER PS 14, DCPO)",THEFT,2022,9
BARANGAY 18-B,CARNAPPING_MC,2022,11
BARANGAY 11-A,CARNAPPING_MC, 2022 ,6
40-D BOLTON ISLA,carnapping_mc,2022,1
TAMBOBONG,CARNAPPING_MC,2022,4
SAN ISIDRO,CARNAPPING_MC,2022,7
TAPAK,CARNAPPING_MC,2022,5
BARANGAY 32-D,CARNAPPING_MC,2022,3
SALAYSAY,CARNAPPING_MC, 2022 , 2 
 COMMUNAL  ,MURDER,2023,6
BARANGAY 5-A (POB.),murder,2023,11
SALUMAY,MURDER,2023,5
LACSON,MURDER,2023,4
SALAPAWAN,MURDER,2023,8
BAO JOAQUIN,MURDER, 2023 ,3
"BALENGAENG (BRGY IS NOW UNDER PS 20, DCPO)",MURDER,2023,2
CAWAYAN,MURDER,2023,9
"BARANGAY 20-B (BRGY IS NOW UNDER PS 18, DCPO)",MURDER, 2023 ,7
 BARANGAY 5-A (POB.)  ,MURDER,2023,12
GUMITAN,MURDER,2023,11
 SAN ISIDRO  ,MURDER,2023, 5 
 MARAPANGI  ,MURDER,2023,2
"PACIANO BANGOY (BRGY IS NOW UNDER PS 18, DCPO)",MURDER, 2023 ,6
SASA,MURDER,2023, 5 
BARANGAY 3-A (POB.),MURDER,2023,1
TUGBOK (POB.),MURDER,2023, 9 
 CALINAN (POB.)  ,MURDER,2023,4
"TOMAS MONTEVERDE, SR. (BRGY IS NOW UNDER PS 18, DCPO)",MURDER,2023,10
 BARANGAY 37-D  ,MURDER,2023,10
"BARANGAY 9-A (POB.) (BRGY UNDER PS 14, DCPO)",murder,2023,4
"BALENGAENG (BRGY IS NOW UNDER PS 20, DCPO)",murder,2023, 1 
" DUTERTE (BRGY IS NOW UNDER PS 18, DCPO)  ",MURDER,2023,3
BARANGAY 32-D,MURDER,2023,3
"TIBULOY (BRGY IS NOW UNDER PS 19, DCPO)",MURDER,2023,5
WANGAN,MURDER,2023,10
WANGAN,MURDER,2023, 10 
 BARANGAY 38-D (OB.)  ,MURDER,2023,7
COMMUNAL,MURDER,2023,9
BARANGAY 38-D (OB.),MURDER,2023,5
"BARANGAY 10-A (BRGY UNDER ps 14, DCPO)",MURDER,2023,7
BARANGAY 13-B,Murder,2023,10
BARANGAY 28-C,MURDER,2023,6
DALIAO,MURDER,2023,8
 BANGKAS HEIGHTS  ,MURDER,2023,3
BARANGAY 37-D,MURDER,2023,3
"TOMAS MONTEVERDE, SR. (BRGY IS NOW UNDER PS 18, DCPO)",MURDER,2023,2
SANTO NINO,MURDER,2023,5
DALIAO,MURDER,2023,10
 BARANGAY 14-B  ,MURDER,2023,10
"DUTERTE (BRGY IS NOW UNDER PS 18, DCPO)",MURDER,2023,9
 TIBUNGCO  ,murder,2023,7
WINES,MURDER,2023,4
"MATINA APLAYA (BRGY UNDER PS 15, DCPO)",MURDER,2023,2
"BAGO APLAYA (BRGY IS NOW UNDER PS 17, DCPO)",MURDER,2023,8
 ALAMBRE  ,MURDER,2023,6
 BARANGAY 2-A (POB.)  ,MURDER, 2023 ,8
MARILOG,MURDER,2023, 4 
TAMUGAN,MURDER,2023,9
BANTOL,MURDER,2023,9
LASANG,MURDER,2023,9
"TIBULOY (BRGY IS NOW UNDER PS 19, DCPO)",MURDER,2023,5
LUBOGAN,MURDER,2023,12
TORIL (POB.),MURDER,2023,4
 VICENTE HIZON SR.  ,HOMICIDE,2023,2
"INDANGAN (BRGY UNDER PS 13, DCPO)",HOMICIDE,2023,12
" AGDAO PROPER (BRGY IS NOW UNDER PS 18, DCPO)  ",HOMICIDE,2023,8
MALAGOS,homicide, 2023 ,5
FATIMA (BENOWANG),HOMICIDE,2023,2
EDEN,HOMICIDE,2023,7
BAYABAS,HOMICIDE,2023,10
BARANGAY 39-D (POB.),HOMICIDE,2023,5
"BARANGAY 8-A (POB.) (BRGY UNDER ps 14, DCPO)",HOMICIDE,2023,12
VICENTE HIZON SR.,HOMICIDE,2023,1
SALAYSAY,HOMICIDE,2023,11
BARANGAY 38-D (OB.),PHYSICAL INJURIES,2023, 8 
BARANGAY 32-D,PHYSICAL INJURIES,2023,10
 BARANGAY 11-A  ,PHYSICAL INJURIES, 2023 ,7
TAPAK,PHYSICAL INJURIES, 2023 ,11
LASANG,PHYSICAL INJURIES,2023, 3 
"BARANGAY 20-B (BRGY IS NOW UNDER PS 18, DCPO)",PHYSICAL INJURIES,2023,10
"BARANGAY 9-A (POB.) (BRGY UNDER PS 14, DCPO)",PHYSICAL INJURIES,2023,4
"AQUINO (BRGY IS NOW UNDER PS 18, DCPO)",PHYSICAL INJURIES,2023,3
" INDANGAN (BRGY UNDER PS 13, DCPO)  ",PHYSICAL INJURIES, 2023 , 3 
MULIG,PHYSICAL INJURIES,2023,12
" TOMAS MONTEVERDE, SR. (BRGY IS NOW UNDER PS 18, DCPO)  ",PHYSICAL INJURIES,2023,1
BARANGAY 11-A,physical injuries,2023,12
"MAA (BRGY IS NOW UNDER ps 16, DCPO)",PHYSICAL INJURIES, 2023 ,1
BARANGAY 18-B,PHYSICAL INJURIES,2023,1
RIVERSIDE,PHYSICAL INJURIES,2023,1
"PACIANO BANGOY (BRGY IS NOW UNDER PS 18, DCPO)",Rape, 2023 ,8
"MATINA APLAYA (BRGY UNDER PS 15, DCPO)",RAPE, 2023 ,2
TIBUNGCO,RAPE,2023,9
"TOMAS MONTEVERDE, SR. (BRGY IS NOW UNDER PS 18, DCPO)",Rape,2023,10
PAQUIBATO (POB.),RAPE,2023,12
BARANGAY 23-C,rape, 2023 ,9
CAWAYAN,rape,2023,11
TORIL (POB.),Rape,2023,7
BARANGAY 23-C,RAPE,2023, 4 
BUHANGIN (POB.),RAPE,2023,10
BARANGAY 13-B,RAPE,2023,11
 CAWAYAN  ,RAPE, 2023 ,6
MARILOG,RAPE,2023,1
BAGO OSHIRO,RAPE,2023,4
"BAO ESCUELA (BRGY IS NOW UNDER PS 20, DCPO)",rape,2023,8
"BAGO APLAYA (BRGY IS NOW UNDER PS 17, DCPO)",RAPE,2023,8
PAMPANGA,RAPE, 2023 ,10
 MULIG  ,rape,2023,7
"BARANGAY 19-B (POB.) (BRGY UNDER ps 14, DCPO)",RAPE,2023,7
MALABOG,RAPE,2023,11
DALIAO,RAPE,2023,12
 SALAPAWAN  ,RAPE,2023,12
FATIMA (BENOWANG),RAPE,2023,8
SIRIB,RAPE,2023,9
PAQUIBATO (POB.),RAPE, 2023 ,10
MAHAYAG,RAPE,2023,11
ALFONSO ANGLIONGTO SR,Rape, 2023 ,12
"INDANGAN (BRGY UNDER PS 13, DCPO)",rape,2023,8
"CENTRO (SAN JUAN) (BRGY IS NOW UNDER PS 18, DCPO)",RAPE,2023,9
"CENTRO (SAN JUAN) (BRGY IS NOW UNDER PS 18, DCPO)",RAPE,2023,5
BARANGAY 22-C,RAPE,2023,2
TAMBOBONG,RAPE,2023,3
76-A BUCANA,RAPE,2023,8
 BARANGAY 3-A (POB.)  ,RAPE,2023, 1 
BARANGAY 38-D (OB.),RAPE,2023,7
BARANGAY 28-C,RAPE,2023,11
PAQUIBATO (POB.),RAPE,2023,8
SALOY,rape,2023, 7 
74-A (MATINA CROSSING),RAPE,2023,7
NEW VALENCIA,RAPE,2023,12
40-D BOLTON ISLA,RAPE,2023,3
GUMITAN,RAPE,2023,8
ULAS ,RAPE,2023,6
BAO JOAQUIN,RAPE,2023,3
 SANTO NINO  ,RAPE,2023, 8 
GUMITAN,RAPE, 2023 ,6
"MANUEL GUIANGA (BRGY IS NOW UNDER PS 20, DCPO)",RAPE,2023,4
"BAGO GALLERA (BRGY IS NOW UNDER PS 17, DCPO)",RAPE,2023,4
MARILOG,RAPE,2023,8
"TOMAS MONTEVERDE, SR. (BRGY IS NOW UNDER PS 18, DCPO)",RAPE,2023,3
"CATALUNAN PEQUENO (BRGY IS NOW UNDER ps 17, DCPO)",RAPE,2023,11
CATALUNAN GRANDE,RAPE,2023,12
"BAO ESCUELA (BRGY IS NOW UNDER PS 20, DCPO)",RAPE,2023,5
BAYABAS,RAPE,2023,2
76-A BUCANA,RAPE,2023,5
76-A (BUCANA),RAPE, 2023 ,7
 TORIL (POB.)  ,rape,2023,8
BAGANIHAN,RAPE,2023,6
TACUNAN,RAPE,2023,3
TALOMO RIVER,RAPE,2023,10
BARANGAY 22-C,RAPE,2023,12
MAHAYAG,RAPE,2023,6
"BALENGAENG (BRGY IS NOW UNDER PS 20, DCPO)",RAPE,2023,12
TALOMO (POB.),RAPE,2023,10
CARMEN,RAPE,2023,4
 MAGSAYSAY  ,RAPE,2023,2
BARANGAY 14-B,rape,2023,9
BARANGAY 27-C,Rape,2023, 10 
"MAA (BRGY IS NOW UNDER ps 16, DCPO)",RAPE,2023,11
"BAGO APLAYA (BRGY IS NOW UNDER PS 17, DCPO)",RAPE,2023,2
TUGBOK (POB.),RAPE,2023,8
 BAO JOAQUIN  ,rape,2023,9
"BARANGAY 10-A (BRGY UNDER ps 14, DCPO)",RAPE,2023,12
BARANGAY 27-C,rape,2023,9
"LOS AMIGOS (BRGY IS NOW UNDER PS 20, DCPO)",RAPE,2023,5
"BAGO APLAYA (BRGY IS NOW UNDER PS 17, DCPO)",RAPE, 2023 ,7
"BALENGAENG (BRGY IS NOW UNDER PS 20, DCPO)",RAPE,2023,7
"CENTRO (SAN JUAN) (BRGY IS NOW UNDER PS 18, DCPO)",RAPE,2023,9
MALAGOS,RAPE,2023,10
SAN ISIDRO,RAPE,2023,10
BARANGAY 5-A (POB.),RAPE,2023,2
" MANUEL GUIANGA (BRGY IS NOW UNDER PS 20, DCPO)  ",RAPE,2023,4
WINES,RAPE,2023,5
SALOY,rape,2023,11
"MATINA APLAYA (BRGY UNDER PS 15, DCPO)",RAPE,2023,4
BARANGAY 13-B,RAPE,2023, 4 
"BAGO GALLERA (BRGY IS NOW UNDER PS 17, DCPO)",RAPE,2023,10
FATIMA (BENOWANG),RAPE, 2023 ,8
BAGANIHAN,RAPE,2023,11
"LOS AMIGOS (BRGY IS NOW UNDER PS 20, DCPO)",RAPE,2023,2
BANGKAS HEIGHTS,RAPE,2023,10
PANALUM,RAPE,2023,2
MAHAYAG,RAPE,2023, 12 
CARMEN,RAPE,2023,9
BARANGAY 23-C,RAPE,2023,5
 SALAPAWAN  ,RAPE,2023,8
"CENTRO (SAN JUAN) (BRGY IS NOW UNDER PS 18, DCPO)",RAPE,2023, 7 
BARANGAY 26-C,rape,2023,1
74-A (MATINA CROSSING),RAPE, 2023 , 12 
ULAS ,rape,2023,9
TALOMO (POB.),RAPE,2023,5
TORIL (POB.),RAPE,2023,7
ALAMBRE,RAPE,2023,2
" MAA (BRGY IS NOW UNDER ps 16, DCPO)  ",RAPE,2023,9
 TUNGKALAN  ,RAPE,2023,3
ALAMBRE,RAPE,2023,12
TAMAYONG,RAPE,2023,4
 CALINAN (POB.)  ,RAPE, 2023 ,4
MALAGOS,RAPE,2023,8
DALIAO,RAPE,2023, 12 
CATALUNAN GRANDE,RAPE,2023,10
TUNGKALAN,RAPE,2023,11
SALAPAWAN,RAPE,2023,4
SIRIB,RAPE,2023,8
"BAGO GALLERA (BRGY IS NOW UNDER PS 17, DCPO)",RAPE,2023,9
RIVERSIDE,RAPE,2023,12
"MAGTUOD (BRGY IS NOW UNDER ps 16, DCPO)",RAPE,2023,6
 LUBOGAN  ,RAPE,2023,10
TUGBOK (POB.),rape,2023,12
BARANGAY 27-C,RAPE,2023, 6 
ULAS ,Rape,2023,12
"DUMOY (BRGY IS NOW UNDER PS 17, DCPO)",Rape,2023, 1 
LIZADA,RAPE,2023,3
SAN ISIDRO,RAPE,2023,1
"LAPU-LAPU(BRGY IS NOW UNDER PS 18, DCPO)",RAPE, 2023 ,10
"CENTRO (SAN JUAN) (BRGY IS NOW UNDER PS 18, DCPO)",RAPE,2023,10
 GUMITAN  ,RAPE,2023,8
SUAWAN (TULI),RAPE,2023,9
"BAGO APLAYA (BRGY IS NOW UNDER PS 17, DCPO)",RAPE,2023,12
BUDA,RAPE,2023, 1 
"AGDAO PROPER (BRGY IS NOW UNDER PS 18, DCPO)",RAPE,2023, 7 
LACSON,RAPE,2023, 10 
"AGDAO PROPER (BRGY IS NOW UNDER PS 18, DCPO)",rape,2023, 3 
"WAAN (BRGY UNDER ps 13, DCPO)",RAPE,2023,10
"SAN ANTONIO (BRGY IS NOW UNDER PS 18, DCPO)",RAPE,2023,3
" BAGO APLAYA (BRGY IS NOW UNDER PS 17, DCPO)  ",RAPE,2023,6
DALIAO,rape,2023,8
 TALOMO RIVER  ,rape,2023,2
TUNGKALAN,RAPE,2023,1
BAO JOAQUIN,RAPE,2023,10
MINTAL,RAPE,2023,8
SANTO NINO,rape,2023,12
 74-A (MATINA CROSSING)  ,RAPE,2023,5
BUDA,RAPE,2023,8
BARANGAY 23-C,RAPE,2023,12
"CENTRO (SAN JUAN) (BRGY IS NOW UNDER PS 18, DCPO)",RAPE,2023,9
 TALOMO (POB.)  ,RAPE,2023, 12 
MAHAYAG,RAPE,2023,8
BANTOL,RAPE,2023,11
TORIL (POB.),RAPE,2023,7
"MAA (BRGY IS NOW UNDER ps 16, DCPO)",RAPE,2023,1
"CATALUNAN PEQUENO (BRGY IS NOW UNDER ps 17, DCPO)",rape,2023,9
SIRIB,RAPE,2023, 8 
PAMPANGA,RAPE,2023,5
"BARANGAY 8-A (POB.) (BRGY UNDER ps 14, DCPO)",RAPE,2023,12
BARANGAY 17-B,rape,2023, 10 
WANGAN,RAPE,2023,12
SUBASTA,RAPE, 2023 ,2
"BARANGAY 20-B (BRGY IS NOW UNDER PS 18, DCPO)",RAPE,2023, 4 
"DUTERTE (BRGY IS NOW UNDER PS 18, DCPO)",RAPE, 2023 ,11
MAPI-ILA,RAPE,2023, 1 
BARANGAY 2-A (POB.),RAPE,2023,10
BARANGAY 38-D (OB.),RAPE,2023,10
MAGSAYSAY,rape,2023, 7 
COMMUNAL,RAPE,2023,6
BINUGAO,RAPE, 2023 ,7
SUAWAN (TULI),RAPE,2023,12
BARANGAY 28-C,RAPE,2023,8
BARANGAY 39-D (POB.),RAPE, 2023 ,7
"BAGO GALLERA (BRGY IS NOW UNDER PS 17, DCPO)",ROBBERY,2023,3
TUNGKALAN,ROBBERY, 2023 ,10
"MANDUG (BRGY UNDER PS 13, DCPO)",ROBBERY,2023,7
"CATALUNAN PEQUENO (BRGY IS NOW UNDER ps 17, DCPO)",ROBBERY,2023,11
"AGDAO PROPER (BRGY IS NOW UNDER PS 18, DCPO)",ROBBERY,2023,12
BARANGAY 3-A (POB.),ROBBERY,2023,9
"BARANGAY 9-A (POB.) (BRGY UNDER PS 14, DCPO)",ROBBERY,2023,4
"CATALUNAN PEQUENO (BRGY IS NOW UNDER ps 17, DCPO)",ROBBERY,2023,6
ULAS ,ROBBERY,2023,7
"ANGALAN (BRGY IS NOW UNDER PS 20, DCPO)",robbery,2023,11
PAQUIBATO (POB.),ROBBERY,2023,10
TUNGKALAN,ROBBERY,2023,2
TAMBOBONG,ROBBERY,2023,11
 PANACAN  ,ROBBERY, 2023 ,8
SAN ISIDRO,ROBBERY,2023,2
MALABOG,ROBBERY,2023,5
BARANGAY 13-B,ROBBERY,2023,8
"TOMAS MONTEVERDE, SR. (BRGY IS NOW UNDER PS 18, DCPO)",ROBBERY,2023,4
SALAPAWAN,ROBBERY,2023,9
"SAN ANTONIO (BRGY IS NOW UNDER PS 18, DCPO)",Robbery, 2023 ,6
BANGKAS HEIGHTS,ROBBERY,2023,2
"LOS AMIGOS (BRGY IS NOW UNDER PS 20, DCPO)",Robbery,2023, 8 
BARANGAY 11-A,ROBBERY,2023, 8 
ALFONSO ANGLIONGTO SR,ROBBERY,2023,4
SAN ISIDRO,ROBBERY,2023,5
PANALUM,ROBBERY,2023,2
SALOY,ROBBERY,2023, 1 
76-A (BUCANA),ROBBERY,2023,3
76-A BUCANA,ROBBERY,2023,2
LAMANAN,ROBBERY,2023,10
 COMMUNAL  ,robbery, 2023 ,7
"MATINA APLAYA (BRGY UNDER PS 15, DCPO)",robbery,2023,9
CALINAN (POB.),robbery,2023,9
SASA,ROBBERY,2023,8
SALOY,ROBBERY,2023,6
BARANGAY 37-D,Robbery,2023,12
 BARANGAY 13-B  ,ROBBERY,2023, 5 
"MATINA CROSSING (BRGY IS NOW UNDER PS 15, DCPO)",ROBBERY,2023,9
"LAPU-LAPU(BRGY IS NOW UNDER PS 18, DCPO)",robbery,2023,11
LASANG,ROBBERY,2023,2
MALAGOS,ROBBERY,2023,7
TORIL (POB.),ROBBERY,2023,2
MATINA PANGI,THEFT,2023, 11 
" BARANGAY 19-B (POB.) (BRGY UNDER ps 14, DCPO)  ",THEFT,2023,10
TACUNAN,THEFT,2023,12
 WINES  ,THEFT,2023,11
BARANGAY 5-A (POB.),THEFT,2023,11
"MAGTUOD (BRGY IS NOW UNDER ps 16, DCPO)",THEFT,2023,6
"TOMAS MONTEVERDE, SR. (BRGY IS NOW UNDER PS 18, DCPO)",THEFT,2023,6
"DUMOY (BRGY IS NOW UNDER PS 17, DCPO)",THEFT,2023,12
40-D BOLTON ISLA,THEFT,2023, 7 
"TOMAS MONTEVERDE, SR. (BRGY IS NOW UNDER PS 18, DCPO)",THEFT,2023,5
"BARANGAY 9-A (POB.) (BRGY UNDER PS 14, DCPO)",THEFT,2023,3
"BARANGAY 20-B (BRGY IS NOW UNDER PS 18, DCPO)",THEFT,2023,4
40-D BOLTON ISLA,THEFT,2023,10
" MAGTUOD (BRGY IS NOW UNDER ps 16, DCPO)  ",THEFT,2023,10
"WAAN (BRGY UNDER ps 13, DCPO)",THEFT,2023,2
GUMITAN,THEFT,2023,1
BANGKAS HEIGHTS,THEFT,2023,10
74-A (MATINA CROSSING),THEFT,2023,5
" TALANDANG (BRGY IS NOW UNDER PS 20, DCPO)  ",THEFT,2023,9
 TALOMO RIVER  ,THEFT, 2023 ,12
 BARANGAY 28-C  ,THEFT,2023,7
BANGKAS HEIGHTS,THEFT,2023,10
BARANGAY 23-C,THEFT,2023,12
GUMALANG,THEFT,2023,9
BANTOL,THEFT,2023,2
BUNAWAN (POB.),THEFT,2023,1
BARANGAY 5-A (POB.),THEFT,2023,4
BARANGAY 22-C,THEFT,2023,9
"ANGALAN (BRGY IS NOW UNDER PS 20, DCPO)",THEFT,2023,6
"LOS AMIGOS (BRGY IS NOW UNDER PS 20, DCPO)",THEFT,2023, 1 
" CATALUNAN PEQUENO (BRGY IS NOW UNDER ps 17, DCPO)  ",THEFT,2023,10
CAWAYAN,THEFT,2023,4
SALAPAWAN,THEFT,2023,5
 BAYABAS  ,THEFT,2023,12
CATALUNAN GRANDE,THEFT,2023,10
ALAMBRE,THEFT,2023,12
"BALENGAENG (BRGY IS NOW UNDER PS 20, DCPO)",THEFT,2023,11
 CARMEN  ,THEFT,2023,7
"MANUEL GUIANGA (BRGY IS NOW UNDER PS 20, DCPO)",THEFT,2023,9
 MAHAYAG  ,THEFT,2023,6
TAMAYONG,THEFT,2023,6
" BARANGAY 20-B (BRGY IS NOW UNDER PS 18, DCPO)  ",THEFT, 2023 ,1
"AGDAO PROPER (BRGY IS NOW UNDER PS 18, DCPO)",THEFT,2023,10
BUHANGIN (POB.),THEFT,2023,5
BARANGAY 18-B,THEFT,2023,1
 CARMEN  ,THEFT,2023,10
"BARANGAY 8-A (POB.) (BRGY UNDER ps 14, DCPO)",THEFT,2023,11
" BARANGAY 9-A (POB.) (BRGY UNDER PS 14, DCPO)  ",THEFT,2023,5
"BAGO APLAYA (BRGY IS NOW UNDER PS 17, DCPO)",THEFT, 2023 ,12
BARANGAY 5-A (POB.),THEFT,2023,10
CABANTIAN,THEFT,2023,1
BUDA,THEFT,2023,7
COMMUNAL,THEFT,2023,2
TAMUGAN,THEFT,2023, 8 
TUNGKALAN,THEFT,2023,9
"BARANGAY 10-A (BRGY UNDER ps 14, DCPO)",THEFT,2023,8
74-A (MATINA CROSSING),THEFT,2023,1
BARANGAY 26-C,THEFT,2023,12
BARANGAY 18-B,THEFT,2023,9
ALAMBRE,THEFT,2023,3
BARANGAY 2-A (POB.),theft,2023, 7 
BAGO OSHIRO,THEFT, 2023 , 3 
MULIG,THEFT,2023,8
BARANGAY 18-B,CARNAPPING_MC,2023,3
40-D BOLTON ISLA,CARNAPPING_MC,2023,11
SALAPAWAN,carnapping_mc,2023,5
"TALANDANG (BRGY IS NOW UNDER PS 20, DCPO)",CARNAPPING_MC, 2023 ,2
 SUAWAN (TULI)  ,CARNAPPING_MC,2023,10
" SAN ANTONIO (BRGY IS NOW UNDER PS 18, DCPO)  ",MURDER, 2024 ,2
"DUMOY (BRGY IS NOW UNDER PS 17, DCPO)",Murder,2024,3
"BARANGAY 19-B (POB.) (BRGY UNDER ps 14, DCPO)",MURDER,2024,3
CATALUNAN GRANDE,MURDER,2024,12
BAGANIHAN,MURDER,2024,9
WINES,murder,2024,5
76-A BUCANA,MURDER,2024,2
"ACACIA (BRGY UNDER PS 13, DCPO)",MURDER,2024,8
GUMALANG,MURDER,2024,7
ILANG,MURDER,2024,11
CABANTIAN,MURDER,2024,7
MAHAYAG,MURDER,2024,5
BARANGAY 39-D (POB.),murder, 2024 ,12
GUMALANG,murder,2024,10
"INDANGAN (BRGY UNDER PS 13, DCPO)",murder,2024,4
MAGSAYSAY,MURDER, 2024 ,2
"BAGO GALLERA (BRGY IS NOW UNDER PS 17, DCPO)",MURDER,2024,12
TIGATTO,MURDER,2024,7
BAGUIO PROPER,MURDER,2024,5
 EDEN  ,MURDER,2024,10
 TALOMO RIVER  ,MURDER,2024,9
"INDANGAN (BRGY UNDER PS 13, DCPO)",MURDER,2024,5
 GUMALANG  ,MURDER, 2024 ,2
76-A (BUCANA),MURDER,2024,6
"DUMOY (BRGY IS NOW UNDER PS 17, DCPO)",MURDER, 2024 ,8
MABUHAY,MURDER,2024,10
BARANGAY 18-B,MURDER,2024, 12 
LACSON,MURDER,2024,6
"CATIGAN (BRGY IS NOW UNDER ps 19, DCPO)",MURDER,2024,10
"LOS AMIGOS (BRGY IS NOW UNDER PS 20, DCPO)",MURDER,2024,6
"DUMOY (BRGY IS NOW UNDER PS 17, DCPO)",MURDER,2024,1
CALINAN (POB.),murder,2024,2
"TOMAS MONTEVERDE, SR. (BRGY IS NOW UNDER PS 18, DCPO)",homicide,2024,12
SIRIB,Homicide,2024,11
BARANGAY 23-C,HOMICIDE,2024,9
TACUNAN,HOMICIDE,2024,10
"BARANGAY 19-B (POB.) (BRGY UNDER ps 14, DCPO)",HOMICIDE, 2024 ,4
GUMITAN,HOMICIDE,2024,4
 SASA  ,homicide,2024,9
 FATIMA (BENOWANG)  ,HOMICIDE,2024,8
BUHANGIN (POB.),HOMICIDE,2024,2
 EDEN  ,physical injuries,2024,9
"DUTERTE (BRGY IS NOW UNDER PS 18, DCPO)",PHYSICAL INJURIES,2024,1
"BARANGAY 9-A (POB.) (BRGY UNDER PS 14, DCPO)",physical injuries,2024,7
BARANGAY 27-C,physical injuries,2024,7
SALAYSAY,PHYSICAL INJURIES,2024,4
BARANGAY 32-D,PHYSICAL INJURIES,2024,11
MINTAL,PHYSICAL INJURIES,2024,8
BARANGAY 5-A (POB.),PHYSICAL INJURIES,2024,2
SUBASTA,PHYSICAL INJURIES,2024,7
ALFONSO ANGLIONGTO SR,physical injuries,2024,3
 PAMPANGA  ,PHYSICAL INJURIES,2024,12
TALOMO RIVER,PHYSICAL INJURIES,2024,8
74-A (MATINA CROSSING),PHYSICAL INJURIES,2024,8
BAYABAS,PHYSICAL INJURIES,2024,5
TAMAYONG,PHYSICAL INJURIES,2024,7
SUAWAN (TULI),PHYSICAL INJURIES,2024,11
TUNGKALAN,PHYSICAL INJURIES,2024,3
BARANGAY 37-D,PHYSICAL INJURIES,2024,1
MAHAYAG,PHYSICAL INJURIES,2024,9
RIVERSIDE,PHYSICAL INJURIES, 2024 ,8
BARANGAY 28-C,PHYSICAL INJURIES,2024,11
"AGDAO PROPER (BRGY IS NOW UNDER PS 18, DCPO)",PHYSICAL INJURIES,2024,3
BUHANGIN (POB.),PHYSICAL INJURIES,2024,12
76-A (BUCANA),PHYSICAL INJURIES,2024,6
WINES,PHYSICAL INJURIES,2024,8
"LAPU-LAPU(BRGY IS NOW UNDER PS 18, DCPO)",PHYSICAL INJURIES,2024,4
TAPAK,PHYSICAL INJURIES,2024,6
 BARANGAY 37-D  ,PHYSICAL INJURIES,2024,6
BINUGAO,PHYSICAL INJURIES,2024,12
"PACIANO BANGOY (BRGY IS NOW UNDER PS 18, DCPO)",PHYSICAL INJURIES,2024,12
TUGBOK (POB.),PHYSICAL INJURIES,2024,7
"BARANGAY 19-B (POB.) (BRGY UNDER ps 14, DCPO)",PHYSICAL INJURIES,2024,2
BARANGAY 22-C,PHYSICAL INJURIES,2024,12
"PACIANO BANGOY (BRGY IS NOW UNDER PS 18, DCPO)",PHYSICAL INJURIES,2024, 6 
"ACACIA (BRGY UNDER PS 13, DCPO)",PHYSICAL INJURIES,2024,12
BARANGAY 5-A (POB.),PHYSICAL INJURIES,2024,11
LASANG,physical injuries, 2024 , 2 
 BAYABAS  ,PHYSICAL INJURIES,2024,12
"PACIANO BANGOY (BRGY IS NOW UNDER PS 18, DCPO)",PHYSICAL INJURIES,2024,5
MATINA PANGI,PHYSICAL INJURIES,2024,4
MALAGOS,PHYSICAL INJURIES,2024,5
"TAGURANO (BRGY IS NOW UNDER PS 19, DCPO)",PHYSICAL INJURIES,2024,2
BUNAWAN (POB.),PHYSICAL INJURIES, 2024 ,12
TAMAYONG,PHYSICAL INJURIES,2024,5
74-A (MATINA CROSSING),PHYSICAL INJURIES,2024,1
40-D BOLTON ISLA,PHYSICAL INJURIES,2024, 7 
"BARANGAY 20-B (BRGY IS NOW UNDER PS 18, DCPO)",physical injuries,2024,6
FATIMA (BENOWANG),PHYSICAL INJURIES,2024,4
GUMALANG,PHYSICAL INJURIES, 2024 ,1
BARANGAY 28-C,PHYSICAL INJURIES,2024,8
BARANGAY 28-C,PHYSICAL INJURIES,2024,7
SUBASTA,PHYSICAL INJURIES,2024,4
"BARANGAY 9-A (POB.) (BRGY UNDER PS 14, DCPO)",PHYSICAL INJURIES,2024,1
MABUHAY,PHYSICAL INJURIES,2024,9
"BARANGAY 8-A (POB.) (BRGY UNDER ps 14, DCPO)",PHYSICAL INJURIES,2024,7
BAO JOAQUIN,PHYSICAL INJURIES,2024,12
BARANGAY 39-D (POB.),Physical Injuries,2024,12
"LOS AMIGOS (BRGY IS NOW UNDER PS 20, DCPO)",physical injuries,2024,1
SALOY,PHYSICAL INJURIES,2024,4
TUGBOK (POB.),PHYSICAL INJURIES,2024,2
BAO JOAQUIN,PHYSICAL INJURIES,2024,4
" ANGALAN (BRGY IS NOW UNDER PS 20, DCPO)  ",PHYSICAL INJURIES,2024,9
BARANGAY 27-C,PHYSICAL INJURIES,2024, 6 
"TALANDANG (BRGY IS NOW UNDER PS 20, DCPO)",PHYSICAL INJURIES,2024,10
TAMBOBONG,physical injuries,2024, 6 
"TALANDANG (BRGY IS NOW UNDER PS 20, DCPO)",PHYSICAL INJURIES,2024,12
BAYABAS,physical injuries,2024,7
BARANGAY 26-C,PHYSICAL INJURIES,2024,5
GUMITAN,PHYSICAL INJURIES,2024,8
EDEN,PHYSICAL INJURIES,2024,11
 BARANGAY 13-B  ,PHYSICAL INJURIES,2024,12
TALOMO (POB.),PHYSICAL INJURIES,2024,1
"INDANGAN (BRGY UNDER PS 13, DCPO)",PHYSICAL INJURIES,2024,4
BARANGAY 2-A (POB.),PHYSICAL INJURIES,2024,12
 76-A BUCANA  ,physical injuries,2024,11
BARANGAY 22-C,PHYSICAL INJURIES,2024,11
"BARANGAY 8-A (POB.) (BRGY UNDER ps 14, DCPO)",RAPE, 2024 ,9
"TIBULOY (BRGY IS NOW UNDER PS 19, DCPO)",RAPE, 2024 ,5
TALOMO RIVER,RAPE,2024,11
NEW VALENCIA,RAPE,2024,11
MATINA PANGI,Rape,2024, 10 
"BAGO APLAYA (BRGY IS NOW UNDER PS 17, DCPO)",RAPE,2024,5
GUMALANG,RAPE,2024, 12 
"ANGALAN (BRGY IS NOW UNDER PS 20, DCPO)",RAPE,2024,8
BAO JOAQUIN,RAPE,2024,12
 BARANGAY 37-D  ,rape,2024,6
LACSON,RAPE,2024,12
 SUAWAN (TULI)  ,Rape,2024,4
SALUMAY,RAPE,2024,11
"AQUINO (BRGY IS NOW UNDER PS 18, DCPO)",RAPE,2024,10
"SAN ANTONIO (BRGY IS NOW UNDER PS 18, DCPO)",RAPE,2024, 12 
SALAYSAY,RAPE,2024, 4 
DALIAO,RAPE,2024,11
SUBASTA,RAPE,2024,9
TAMAYONG,rape,2024,6
ALAMBRE,RAPE,2024,9
"MATINA CROSSING (BRGY IS NOW UNDER PS 15, DCPO)",Rape,2024,5
 MAPI-ILA  ,RAPE,2024,3
"MAGTUOD (BRGY IS NOW UNDER ps 16, DCPO)",RAPE,2024,4
BANGKAS HEIGHTS,RAPE,2024, 8 
"LOS AMIGOS (BRGY IS NOW UNDER PS 20, DCPO)",RAPE,2024,11
WINES,RAPE,2024,9
BARANGAY 5-A (POB.),RAPE,2024,4
MAPI-ILA,RAPE,2024,11
BARANGAY 5-A (POB.),RAPE, 2024 , 8 
SIRIB,rape,2024, 6 
" LOS AMIGOS (BRGY IS NOW UNDER PS 20, DCPO)  ",RAPE,2024,6
VICENTE HIZON SR.,RAPE,2024,6
PAMPANGA,RAPE, 2024 ,1
CAWAYAN,rape,2024,3
TAMAYONG,RAPE,2024,2
"BALIOK (BRGY IS NOW UNDER PS 17, DCPO)",RAPE,2024,5
"ANGALAN (BRGY IS NOW UNDER PS 20, DCPO)",RAPE,2024,3
"AGDAO PROPER (BRGY IS NOW UNDER PS 18, DCPO)",RAPE,2024,12
BARANGAY 17-B,RAPE,2024,9
SUAWAN (TULI),RAPE,2024, 3 
"CATIGAN (BRGY IS NOW UNDER ps 19, DCPO)",rape,2024,12
76-A BUCANA,RAPE,2024,2
"TOMAS MONTEVERDE, SR. (BRGY IS NOW UNDER PS 18, DCPO)",RAPE,2024,12
" BALIOK (BRGY IS NOW UNDER PS 17, DCPO)  ",RAPE,2024,12
BUNAWAN (POB.),rape,2024,10
BARANGAY 22-C,RAPE,2024,8
CAWAYAN,RAPE,2024,10
 BARANGAY 17-B  ,RAPE,2024,2
BARANGAY 28-C,RAPE,2024,8
MATINA PANGI,RAPE,2024,12
 PANALUM  ,RAPE,2024,11
CABANTIAN,RAPE,2024,9
TIBUNGCO,RAPE,2024,1
SUBASTA,RAPE,2024,11
CARMEN,RAPE,2024,4
BARANGAY 14-B,RAPE,2024, 9 
" MATINA APLAYA (BRGY UNDER PS 15, DCPO)  ",RAPE, 2024 ,3
40-D BOLTON ISLA,Rape,2024,3
TALOMO (POB.),RAPE,2024,9
MARILOG,RAPE, 2024 ,6
BARANGAY 13-B,RAPE,2024,8
CARMEN,rape,2024,1
BINUGAO,RAPE,2024,2
TUGBOK (POB.),rape,2024,9
BARANGAY 17-B,RAPE,2024,1
TIBUNGCO,RAPE,2024,1
ILANG,RAPE,2024,5
PANALUM,RAPE,2024,7
TAPAK,RAPE, 2024 ,11
SAN ISIDRO,RAPE,2024,9
"TIBULOY (BRGY IS NOW UNDER PS 19, DCPO)",RAPE,2024,3
40-D BOLTON ISLA,RAPE,2024, 8 
"DUMOY (BRGY IS NOW UNDER PS 17, DCPO)",RAPE,2024,6
LACSON,RAPE,2024,4
 BAYABAS  ,RAPE,2024, 10 
 BAYABAS  ,RAPE,2024,9
 BARANGAY 11-A  ,rape,2024,8
74-A (MATINA CROSSING),RAPE,2024, 4 
 MALAGOS  ,RAPE,2024,10
"LOS AMIGOS (BRGY IS NOW UNDER PS 20, DCPO)",RAPE, 2024 ,3
WANGAN,RAPE,2024,11
BARANGAY 26-C,RAPE,2024,8
"LAPU-LAPU(BRGY IS NOW UNDER PS 18, DCPO)",RAPE,2024,5
76-A BUCANA,RAPE, 2024 ,5
BARANGAY 11-A,RAPE, 2024 ,6
CABANTIAN,RAPE,2024,1
TUGBOK (POB.),RAPE,2024,7
"MAGTUOD (BRGY IS NOW UNDER ps 16, DCPO)",RAPE,2024,5
MAHAYAG,RAPE,2024, 10 
TAMAYONG,RAPE,2024, 9 
BARANGAY 37-D,rape,2024,10
" PACIANO BANGOY (BRGY IS NOW UNDER PS 18, DCPO)  ",RAPE,2024,8
BARANGAY 37-D,RAPE,2024,8
 CALINAN (POB.)  ,RAPE,2024,11
DALIAO,RAPE,2024,7
40-D BOLTON ISLA,RAPE,2024,9
TUNGKALAN,RAPE, 2024 ,6
"AQUINO (BRGY IS NOW UNDER PS 18, DCPO)",RAPE, 2024 ,3
MAHAYAG,rape,2024,6
EDEN,RAPE,2024, 12 
"MAGTUOD (BRGY IS NOW UNDER ps 16, DCPO)",RAPE,2024,11
TAMBOBONG,RAPE, 2024 ,10
 40-D BOLTON ISLA  ,RAPE, 2024 ,10
 76-A (BUCANA)  ,RAPE,2024, 10 
MAHAYAG,RAPE,2024,12
"AGDAO PROPER (BRGY IS NOW UNDER PS 18, DCPO)",RAPE,2024,4
"TOMAS MONTEVERDE, SR. (BRGY IS NOW UNDER PS 18, DCPO)",RAPE,2024, 12 
BAGO OSHIRO,RAPE,2024,9
"BAGO APLAYA (BRGY IS NOW UNDER PS 17, DCPO)",RAPE,2024,1
BARANGAY 5-A (POB.),RAPE,2024,5
 SIRIB  ,RAPE,2024,4
TORIL (POB.),rape, 2024 ,1
MARILOG,RAPE, 2024 ,3
BARANGAY 23-C,Rape,2024, 9 
"MAGTUOD (BRGY IS NOW UNDER ps 16, DCPO)",RAPE,2024,9
SAN ISIDRO,RAPE, 2024 ,4
BARANGAY 14-B,RAPE,2024,12
BUHANGIN (POB.),Rape,2024,11
GUMITAN,RAPE,2024,11
SALUMAY,RAPE,2024,4
BARANGAY 17-B,rape,2024,11
SALOY,RAPE,2024,10
WANGAN,RAPE,2024, 12 
"MATINA CROSSING (BRGY IS NOW UNDER PS 15, DCPO)",RAPE,2024,3
SAN ISIDRO,RAPE,2024,11
BARANGAY 32-D,RAPE,2024,2
"BALENGAENG (BRGY IS NOW UNDER PS 20, DCPO)",rape, 2024 ,7
"CENTRO (SAN JUAN) (BRGY IS NOW UNDER PS 18, DCPO)",RAPE,2024,9
 BAO JOAQUIN  ,RAPE,2024,4
BUNAWAN (POB.),RAPE,2024,8
ILANG,RAPE,2024,9
"LOS AMIGOS (BRGY IS NOW UNDER PS 20, DCPO)",RAPE,2024,5
TORIL (POB.),RAPE,2024,12
 TAPAK  ,RAPE, 2024 ,10
" MANDUG (BRGY UNDER PS 13, DCPO)  ",RAPE,2024,3
BAGUIO PROPER,RAPE,2024, 12 
TACUNAN,RAPE, 2024 ,10
BARANGAY 27-C,Rape, 2024 ,9
BARANGAY 17-B,Rape,2024,1
MALAGOS,RAPE,2024, 2 
"LOS AMIGOS (BRGY IS NOW UNDER PS 20, DCPO)",RAPE,2024,12
ALAMBRE,RAPE,2024,8
BUDA,RAPE,2024,8
TALOMO (POB.),RAPE,2024,12
76-A BUCANA,RAPE,2024,7
SASA,Rape,2024, 6 
ALAMBRE,RAPE,2024, 5 
LASANG,RAPE,2024,4
 BARANGAY 3-A (POB.)  ,RAPE,2024, 10 
BARANGAY 22-C,RAPE, 2024 ,2
 76-A (BUCANA)  ,RAPE,2024,9
 ALAMBRE  ,RAPE,2024, 10 
BARANGAY 18-B,rape,2024,7
GUMALANG,RAPE,2024,2
"SAN ANTONIO (BRGY IS NOW UNDER PS 18, DCPO)",RAPE,2024,7
"BAGO APLAYA (BRGY IS NOW UNDER PS 17, DCPO)",RAPE,2024,3
BARANGAY 13-B,Rape,2024,11
" MATINA APLAYA (BRGY UNDER PS 15, DCPO)  ",RAPE,2024,12
" TIBULOY (BRGY IS NOW UNDER PS 19, DCPO)  ",RAPE,2024,6
"TOMAS MONTEVERDE, SR. (BRGY IS NOW UNDER PS 18, DCPO)",RAPE,2024,11
" MAA (BRGY IS NOW UNDER ps 16, DCPO)  ",RAPE,2024,6
SASA,RAPE,2024,12
PANACAN,RAPE,2024,8
MAGSAYSAY,RAPE,2024,7
BAGO OSHIRO,RAPE,2024, 12 
TAMAYONG,RAPE,2024,1
BAYABAS,RAPE,2024,4
74-A (MATINA CROSSING),RAPE,2024,10
"MANDUG (BRGY UNDER PS 13, DCPO)",RAPE,2024, 10 
MAGSAYSAY,RAPE,2024,11
PAMPANGA,RAPE,2024,4
74-A (MATINA CROSSING),RAPE,2024,5
" CENTRO (SAN JUAN) (BRGY IS NOW UNDER PS 18, DCPO)  ",Rape,2024, 10 
"CATALUNAN PEQUENO (BRGY IS NOW UNDER ps 17, DCPO)",Rape, 2024 ,12
" MANUEL GUIANGA (BRGY IS NOW UNDER PS 20, DCPO)  ",RAPE,2024,8
TUGBOK (POB.),RAPE, 2024 ,1
NEW VALENCIA,RAPE,2024,11
SANTO NINO,RAPE,2024,7
PAMPANGA,RAPE,2024,9
"MATINA APLAYA (BRGY UNDER PS 15, DCPO)",RAPE,2024,8
DALIAO,RAPE,2024,2
CARMEN,RAPE,2024, 9 
GUMITAN,RAPE,2024,5
SALAYSAY,RAPE,2024,6
PANACAN,RAPE,2024,11
WANGAN,rape,2024,8
"INDANGAN (BRGY UNDER PS 13, DCPO)",rape,2024,1
SAN ISIDRO,Rape,2024,7
SALAPAWAN,rape,2024,9
 74-A (MATINA CROSSING)  ,RAPE,2024,3
BARANGAY 32-D,RAPE,2024,2
BARANGAY 28-C,ROBBERY,2024,11
 TUGBOK (POB.)  ,ROBBERY,2024,10
TIGATTO,ROBBERY,2024,12
" BAO ESCUELA (BRGY IS NOW UNDER PS 20, DCPO)  ",ROBBERY,2024,7
"LAPU-LAPU(BRGY IS NOW UNDER PS 18, DCPO)",ROBBERY,2024,8
 LASANG  ,ROBBERY,2024,9
MAPI-ILA,robbery,2024,4
"PACIANO BANGOY (BRGY IS NOW UNDER PS 18, DCPO)",robbery,2024,5
LAMANAN,ROBBERY,2024,4
"BARANGAY 20-B (BRGY IS NOW UNDER PS 18, DCPO)",ROBBERY,2024, 5 
BUHANGIN (POB.),ROBBERY,2024,2
EDEN,ROBBERY,2024, 11 
MARAPANGI,ROBBERY,2024, 11 
PAQUIBATO (POB.),ROBBERY,2024,9
LUBOGAN,ROBBERY, 2024 ,11
BUDA,ROBBERY,2024,12
BARANGAY 32-D,ROBBERY,2024,9
"MATINA CROSSING (BRGY IS NOW UNDER PS 15, DCPO)",ROBBERY,2024,12
"BARANGAY 8-A (POB.) (BRGY UNDER ps 14, DCPO)",ROBBERY, 2024 ,11
BANTOL,ROBBERY, 2024 ,7
"TAGURANO (BRGY IS NOW UNDER PS 19, DCPO)",ROBBERY,2024,2
TAMUGAN,ROBBERY, 2024 ,6
 BARANGAY 28-C  ,ROBBERY,2024,12
BAO JOAQUIN,ROBBERY,2024, 9 
BARANGAY 37-D,ROBBERY,2024,10
SALAPAWAN,ROBBERY,2024,12
TORIL (POB.),ROBBERY,2024,12
TUGBOK (POB.),ROBBERY,2024, 4 
BARANGAY 3-A (POB.),ROBBERY,2024,9
 BARANGAY 3-A (POB.)  ,ROBBERY,2024,12
"CATALUNAN PEQUENO (BRGY IS NOW UNDER ps 17, DCPO)",ROBBERY,2024,5
BARANGAY 2-A (POB.),ROBBERY,2024,8
MAHAYAG,ROBBERY, 2024 ,10
PAMPANGA,ROBBERY,2024, 3 
 MATINA PANGI  ,ROBBERY,2024,7
CABANTIAN,ROBBERY,2024,2
76-A (BUCANA),ROBBERY,2024,7
LASANG,ROBBERY, 2024 ,12
MAGSAYSAY,ROBBERY, 2024 ,6
BUNAWAN (POB.),ROBBERY,2024,12
 ULAS   ,ROBBERY,2024,11
SALUMAY,ROBBERY,2024,10
BANTOL,ROBBERY,2024,4
CATALUNAN GRANDE,ROBBERY,2024,11
SALAPAWAN,ROBBERY,2024,4
SUBASTA,robbery,2024,8
 TUGBOK (POB.)  ,ROBBERY, 2024 , 4 
"BARANGAY 19-B (POB.) (BRGY UNDER ps 14, DCPO)",ROBBERY, 2024 ,10
"MAGTUOD (BRGY IS NOW UNDER ps 16, DCPO)",ROBBERY,2024,4
TACUNAN,ROBBERY,2024,1
"BARANGAY 19-B (POB.) (BRGY UNDER ps 14, DCPO)",ROBBERY,2024,9
BAGANIHAN,ROBBERY,2024,2
TAMBOBONG,ROBBERY,2024,12
BARANGAY 39-D (POB.),ROBBERY,2024, 1 
"BAGO APLAYA (BRGY IS NOW UNDER PS 17, DCPO)",ROBBERY,2024,10
MATINA PANGI,ROBBERY,2024,7
TAMAYONG,ROBBERY, 2024 ,8
TAMBOBONG,ROBBERY,2024,3
BARANGAY 13-B,ROBBERY,2024,1
"MAA (BRGY IS NOW UNDER ps 16, DCPO)",ROBBERY,2024,9
"WAAN (BRGY UNDER ps 13, DCPO)",ROBBERY,2024,3
LASANG,ROBBERY,2024,1
BARANGAY 26-C,ROBBERY,2024,1
FATIMA (BENOWANG),ROBBERY,2024,9
"BARANGAY 19-B (POB.) (BRGY UNDER ps 14, DCPO)",ROBBERY,2024, 2 
"BARANGAY 8-A (POB.) (BRGY UNDER ps 14, DCPO)",ROBBERY,2024,11
BARANGAY 17-B,ROBBERY, 2024 ,2
"PACIANO BANGOY (BRGY IS NOW UNDER PS 18, DCPO)",ROBBERY,2024,11
SUAWAN (TULI),THEFT,2024,8
GUMALANG,THEFT,2024,8
BARANGAY 39-D (POB.),THEFT,2024,7
"BAGO APLAYA (BRGY IS NOW UNDER PS 17, DCPO)",THEFT,2024,7
74-A (MATINA CROSSING),THEFT,2024,5
TAMUGAN,THEFT,2024,3
MALABOG,THEFT,2024,10
76-A (BUCANA),THEFT,2024,2
BARANGAY 23-C,THEFT,2024,10
BUNAWAN (POB.),THEFT,2024,12
 SALOY  ,THEFT,2024,11
LIZADA,THEFT,2024,3
 MAGSAYSAY  ,THEFT,2024, 4 
BARANGAY 37-D,THEFT, 2024 ,3
76-A (BUCANA),THEFT,2024,1
MALABOG,THEFT,2024,1
BARANGAY 23-C,THEFT,2024,10
TACUNAN,THEFT,2024,6
TAMUGAN,theft, 2024 ,5
76-A (BUCANA),THEFT,2024, 2 
BAGUIO PROPER,THEFT,2024,4
MARAPANGI,THEFT,2024,11
BANTOL,THEFT,2024,12
MARILOG,THEFT,2024,12
LAMANAN,THEFT,2024,8
"BARANGAY 19-B (POB.) (BRGY UNDER ps 14, DCPO)",THEFT,2024,10
 MABUHAY  ,THEFT, 2024 ,1
BARANGAY 18-B,THEFT,2024,8
MAHAYAG,THEFT,2024,12
"ACACIA (BRGY UNDER PS 13, DCPO)",THEFT,2024, 9 
LIZADA,THEFT,2024,6
"PACIANO BANGOY (BRGY IS NOW UNDER PS 18, DCPO)",THEFT,2024,10
 SALOY  ,THEFT,2024,12
 BINUGAO  ,THEFT,2024,10
MAGSAYSAY,THEFT,2024,12
RIVERSIDE,THEFT,2024,3
"BARANGAY 19-B (POB.) (BRGY UNDER ps 14, DCPO)",THEFT,2024,9
BARANGAY 39-D (POB.),THEFT,2024,11
"MAA (BRGY IS NOW UNDER ps 16, DCPO)",THEFT,2024,4
 LAMANAN  ,THEFT,2024,10
"BARANGAY 9-A (POB.) (BRGY UNDER PS 14, DCPO)",THEFT,2024,6
CATALUNAN GRANDE,THEFT,2024,10
"CATALUNAN PEQUENO (BRGY IS NOW UNDER ps 17, DCPO)",THEFT, 2024 ,4
 NEW VALENCIA  ,THEFT,2024,2
BUDA,THEFT,2024,11
"DUTERTE (BRGY IS NOW UNDER PS 18, DCPO)",THEFT,2024,4
" BAGO APLAYA (BRGY IS NOW UNDER PS 17, DCPO)  ",THEFT,2024,11
LACSON,THEFT,2024,5
BARANGAY 18-B,THEFT,2024,12
CARMEN,THEFT,2024,7
BARANGAY 26-C,THEFT,2024,12
 PANACAN  ,theft,2024,8
BUNAWAN (POB.),THEFT,2024,1
MAGSAYSAY,THEFT,2024,9
BARANGAY 14-B,THEFT,2024,4
LIZADA,Theft,2024,9
 SAN ISIDRO  ,THEFT,2024,4
 TALOMO (POB.)  ,THEFT,2024, 12 
 TIGATTO  ,THEFT,2024,12
"DUMOY (BRGY IS NOW UNDER PS 17, DCPO)",THEFT,2024,2
 PANALUM  ,THEFT,2024,10
"TIBULOY (BRGY IS NOW UNDER PS 19, DCPO)",THEFT,2024,10
 LACSON  ,THEFT, 2024 ,4
BARANGAY 14-B,THEFT,2024,2
"TAGURANO (BRGY IS NOW UNDER PS 19, DCPO)",THEFT,2024,11
BUDA,THEFT,2024,12
BARANGAY 39-D (POB.),THEFT,2024,1
BANTOL,THEFT,2024,6
BINUGAO,Theft,2024,12
 WANGAN  ,THEFT,2024,5
" BARANGAY 9-A (POB.) (BRGY UNDER PS 14, DCPO)  ",theft,2024,7
"TALANDANG (BRGY IS NOW UNDER PS 20, DCPO)",THEFT,2024,9
"CENTRO (SAN JUAN) (BRGY IS NOW UNDER PS 18, DCPO)",THEFT,2024, 2 
EDEN,THEFT,2024,8
PAMPANGA,THEFT,2024, 9 
"CATALUNAN PEQUENO (BRGY IS NOW UNDER ps 17, DCPO)",THEFT,2024,12
LUBOGAN,THEFT,2024,1
"ANGALAN (BRGY IS NOW UNDER PS 20, DCPO)",Theft,2024,5
BUDA,theft,2024,6
"MANUEL GUIANGA (BRGY IS NOW UNDER PS 20, DCPO)",THEFT,2024,6
CAWAYAN,THEFT, 2024 ,12
MAHAYAG,THEFT,2024,10
SALAYSAY,THEFT,2024,4
BARANGAY 22-C,THEFT,2024,12
LIZADA,THEFT,2024,9
SALOY,THEFT,2024,3
TAMBOBONG,THEFT,2024,3
VICENTE HIZON SR.,THEFT,2024,2
" TOMAS MONTEVERDE, SR. (BRGY IS NOW UNDER PS 18, DCPO)  ",THEFT,2024,2
BARANGAY 3-A (POB.),THEFT,2024,10
BARANGAY 28-C,THEFT,2024,1
BARANGAY 32-D,THEFT,2024,8
"MANUEL GUIANGA (BRGY IS NOW UNDER PS 20, DCPO)",THEFT,2024,7
BARANGAY 13-B,THEFT,2024,2
VICENTE HIZON SR.,THEFT, 2024 ,7
ALAMBRE,THEFT,2024, 10 
MARILOG,THEFT,2024,11
WINES,THEFT, 2024 ,10
"LAPU-LAPU(BRGY IS NOW UNDER PS 18, DCPO)",THEFT,2024,3
MALAGOS,THEFT,2024, 9 
76-A (BUCANA),THEFT, 2024 ,4
TAMBOBONG,THEFT, 2024 ,3
"BARANGAY 10-A (BRGY UNDER ps 14, DCPO)",theft,2024,3
MALABOG,THEFT, 2024 ,12
BUNAWAN (POB.),THEFT,2024,6
TALOMO RIVER,THEFT,2024, 11 
"BARANGAY 10-A (BRGY UNDER ps 14, DCPO)",THEFT, 2024 ,8
RIVERSIDE,THEFT, 2024 ,5
 NEW VALENCIA  ,THEFT,2024, 9 
MALABOG,THEFT,2024,10
CARMEN,THEFT,2024,8
" INDANGAN (BRGY UNDER PS 13, DCPO)  ",THEFT,2024,1
BARANGAY 2-A (POB.),THEFT,2024,10
BUNAWAN (POB.),THEFT,2024,10
CALINAN (POB.),theft, 2024 ,10
GUMALANG,THEFT,2024,11
" BALIOK (BRGY IS NOW UNDER PS 17, DCPO)  ",THEFT,2024,9
TAMBOBONG,THEFT,2024,9
EDEN,THEFT,2024, 12 
"AGDAO PROPER (BRGY IS NOW UNDER PS 18, DCPO)",THEFT,2024,7
BARANGAY 23-C,THEFT,2024,6
TIGATTO,THEFT,2024,12
RIVERSIDE,THEFT,2024,7
 TALOMO RIVER  ,THEFT,2024, 11 
CAWAYAN,THEFT,2024,2
SUBASTA,THEFT,2024, 4 
BAYABAS,theft,2024,11
BINUGAO,THEFT,2024,8
MAHAYAG,THEFT,2024,9
"AGDAO PROPER (BRGY IS NOW UNDER PS 18, DCPO)",THEFT,2024,3
"MAGTUOD (BRGY IS NOW UNDER ps 16, DCPO)",THEFT,2024,3
 DALIAO  ,THEFT,2024,6
 TALOMO (POB.)  ,THEFT, 2024 ,11
BARANGAY 17-B,THEFT,2024, 8 
"BARANGAY 20-B (BRGY IS NOW UNDER PS 18, DCPO)",THEFT,2024,10
TAMAYONG,Theft,2024, 7 
BARANGAY 32-D,THEFT,2024,7
 SANTO NINO  ,THEFT,2024,8
"BARANGAY 19-B (POB.) (BRGY UNDER ps 14, DCPO)",THEFT,2024,8
BARANGAY 18-B,Theft,2024,8
"BARANGAY 20-B (BRGY IS NOW UNDER PS 18, DCPO)",THEFT, 2024 ,1
GUMALANG,THEFT,2024, 12 
MARAPANGI,THEFT,2024,12
" BARANGAY 20-B (BRGY IS NOW UNDER PS 18, DCPO)  ",THEFT,2024,10
RIVERSIDE,THEFT,2024,2
ULAS ,THEFT,2024,8
CALINAN (POB.),THEFT,2024,9
BUNAWAN (POB.),THEFT,2024,5
SALUMAY,THEFT,2024,12
VICENTE HIZON SR.,THEFT, 2024 , 10 
 BARANGAY 2-A (POB.)  ,THEFT,2024,11
SALUMAY,THEFT, 2024 ,12
"TAGURANO (BRGY IS NOW UNDER PS 19, DCPO)",THEFT,2024,1
BUNAWAN (POB.),THEFT, 2024 ,8
MARAPANGI,THEFT,2024,5
FATIMA (BENOWANG),THEFT,2024, 8 
 PAMPANGA  ,THEFT,2024,6
"AQUINO (BRGY IS NOW UNDER PS 18, DCPO)",THEFT,2024,12
BARANGAY 37-D,THEFT,2024,11
"TIBULOY (BRGY IS NOW UNDER PS 19, DCPO)",THEFT,2024,11
" BALIOK (BRGY IS NOW UNDER PS 17, DCPO)  ",THEFT,2024,1
BARANGAY 28-C,THEFT,2024,2
" BAO ESCUELA (BRGY IS NOW UNDER PS 20, DCPO)  ",THEFT,2024,7
MABUHAY,THEFT,2024,7
40-D BOLTON ISLA,THEFT,2024,4
 CARMEN  ,theft,2024,10
MAHAYAG,THEFT,2024, 4 
BAGANIHAN,THEFT,2024,10
"MAGTUOD (BRGY IS NOW UNDER ps 16, DCPO)",theft,2024,2
BANTOL,THEFT,2024,8
TAMAYONG,THEFT,2024,12
BARANGAY 14-B,THEFT,2024, 12 
"MAGTUOD (BRGY IS NOW UNDER ps 16, DCPO)",theft,2024,2
"INDANGAN (BRGY UNDER PS 13, DCPO)",THEFT,2024,10
LUBOGAN,theft,2024,12
"MANUEL GUIANGA (BRGY IS NOW UNDER PS 20, DCPO)",THEFT,2024,2
TORIL (POB.),THEFT,2024,12
NEW VALENCIA,theft,2024,7
" DUTERTE (BRGY IS NOW UNDER PS 18, DCPO)  ",THEFT,2024,7
 GUMALANG  ,THEFT, 2024 ,6
TUNGKALAN,THEFT,2024,10
BARANGAY 5-A (POB.),THEFT,2024, 1 
BARANGAY 32-D,theft,2024,2
EDEN,theft,2024,12
"TIBULOY (BRGY IS NOW UNDER PS 19, DCPO)",THEFT,2024,1
PAQUIBATO (POB.),THEFT, 2024 ,2
BARANGAY 17-B,Theft,2024,4
SALAYSAY,THEFT, 2024 ,11
BANGKAS HEIGHTS,THEFT,2024,7
"AGDAO PROPER (BRGY IS NOW UNDER PS 18, DCPO)",THEFT,2024,7
"TIBULOY (BRGY IS NOW UNDER PS 19, DCPO)",THEFT,2024,5
ALAMBRE,THEFT,2024,12
BARANGAY 14-B,THEFT,2024,10
RIVERSIDE,THEFT,2024,11
 LACSON  ,THEFT,2024,7
" BAGO APLAYA (BRGY IS NOW UNDER PS 17, DCPO)  ",THEFT,2024,11
"LAPU-LAPU(BRGY IS NOW UNDER PS 18, DCPO)",THEFT, 2024 ,10
 SALOY  ,THEFT,2024,11
CARMEN,THEFT, 2024 ,10
"AGDAO PROPER (BRGY IS NOW UNDER PS 18, DCPO)",theft,2024,4
LASANG,THEFT,2024, 12 
SAN ISIDRO,THEFT,2024,4
TAPAK,theft,2024,10
"DUMOY (BRGY IS NOW UNDER PS 17, DCPO)",THEFT,2024, 11 
CATALUNAN GRANDE,THEFT,2024, 2 
BARANGAY 5-A (POB.),theft, 2024 ,8
MINTAL,THEFT,2024,12
MARAPANGI,THEFT,2024,8
BUHANGIN (POB.),THEFT, 2024 ,1
MINTAL,THEFT,2024,6
MARILOG,theft,2024,12
SALAPAWAN,THEFT,2024,5
BARANGAY 14-B,Theft,2024,6
SIRIB,THEFT,2024,4
"INDANGAN (BRGY UNDER PS 13, DCPO)",THEFT,2024,9
TAMUGAN,THEFT,2024,11
 LACSON  ,THEFT,2024,12
SUBASTA,THEFT,2024,11
 TALOMO (POB.)  ,THEFT,2024,10
MARAPANGI,THEFT,2024,11
"WAAN (BRGY UNDER ps 13, DCPO)",THEFT,2024, 12 
"BALENGAENG (BRGY IS NOW UNDER PS 20, DCPO)",THEFT, 2024 ,6
WANGAN,THEFT,2024, 12 
MARAPANGI,Theft,2024,11
"DUMOY (BRGY IS NOW UNDER PS 17, DCPO)",THEFT,2024,9
 ULAS   ,THEFT,2024,7
 WINES  ,THEFT,2024,2
 TORIL (POB.)  ,THEFT,2024,7
WANGAN,theft, 2024 ,9
MATINA PANGI,THEFT,2024,12
ULAS ,THEFT, 2024 ,6
TALOMO RIVER,THEFT,2024,3
BANGKAS HEIGHTS,THEFT,2024,12
 BUDA  ,THEFT,2024,12
TALOMO RIVER,THEFT,2024,5
SANTO NINO,theft,2024, 1 
" DUTERTE (BRGY IS NOW UNDER PS 18, DCPO)  ",THEFT,2024,3
MALAGOS,THEFT,2024,4
 SALAPAWAN  ,Theft,2024,11
SALAYSAY,THEFT,2024,3
PANACAN,THEFT,2024,1
CABANTIAN,THEFT,2024,10
TORIL (POB.),THEFT,2024,7
BARANGAY 17-B,THEFT,2024,1
SUBASTA,THEFT,2024,12
"TALANDANG (BRGY IS NOW UNDER PS 20, DCPO)",THEFT, 2024 ,9
"TAGURANO (BRGY IS NOW UNDER PS 19, DCPO)",THEFT,2024, 12 
 SUBASTA  ,THEFT,2024,9
WANGAN,THEFT,2024,1
TORIL (POB.),THEFT,2024,12
PANALUM,THEFT,2024,4
BUNAWAN (POB.),THEFT,2024,9
TALOMO RIVER,THEFT,2024,2
"BARANGAY 19-B (POB.) (BRGY UNDER ps 14, DCPO)",THEFT,2024,2
SALUMAY,THEFT, 2024 ,9
BARANGAY 3-A (POB.),THEFT,2024,10
BUNAWAN (POB.),THEFT,2024,6
BARANGAY 39-D (POB.),THEFT,2024,3
SALOY,THEFT,2024,9
76-A (BUCANA),theft,2024,12
BAGANIHAN,THEFT,2024,12
"MATINA APLAYA (BRGY UNDER PS 15, DCPO)",THEFT,2024,6
"LAPU-LAPU(BRGY IS NOW UNDER PS 18, DCPO)",THEFT,2024,3
"BARANGAY 20-B (BRGY IS NOW UNDER PS 18, DCPO)",THEFT,2024,3
"SAN ANTONIO (BRGY IS NOW UNDER PS 18, DCPO)",THEFT,2024,7
 CAWAYAN  ,THEFT,2024,11
 TUNGKALAN  ,THEFT,2024,6
MARILOG,theft,2024,3
"DUMOY (BRGY IS NOW UNDER PS 17, DCPO)",THEFT,2024,1
 BARANGAY 14-B  ,THEFT,2024,1
BARANGAY 18-B,THEFT,2024,6
BARANGAY 3-A (POB.),THEFT,2024,10
76-A BUCANA,THEFT,2024,10
DALIAO,THEFT,2024,1
MATINA PANGI,THEFT, 2024 ,4
BARANGAY 11-A,THEFT,2024,8
LACSON,Theft,2024,6
CABANTIAN,THEFT, 2024 ,10
BARANGAY 37-D,THEFT,2024,11
LASANG,THEFT,2024,8
"TIBULOY (BRGY IS NOW UNDER PS 19, DCPO)",THEFT,2024,12
"MAGTUOD (BRGY IS NOW UNDER ps 16, DCPO)",THEFT,2024,5
"BAGO APLAYA (BRGY IS NOW UNDER PS 17, DCPO)",THEFT,2024,10
ILANG,THEFT,2024,11
"CENTRO (SAN JUAN) (BRGY IS NOW UNDER PS 18, DCPO)",THEFT,2024,12
BUNAWAN (POB.),THEFT,2024,12
MALABOG,THEFT,2024,4
" MAA (BRGY IS NOW UNDER ps 16, DCPO)  ",THEFT,2024, 8 
"TIBULOY (BRGY IS NOW UNDER PS 19, DCPO)",THEFT, 2024 ,9
"TALANDANG (BRGY IS NOW UNDER PS 20, DCPO)",Theft,2024,8
SALAYSAY,theft,2024,8
 74-A (MATINA CROSSING)  ,THEFT,2024,5
"DUTERTE (BRGY IS NOW UNDER PS 18, DCPO)",THEFT,2024,6
 BARANGAY 38-D (OB.)  ,THEFT,2024,11
"CATIGAN (BRGY IS NOW UNDER ps 19, DCPO)",THEFT,2024, 2 
"MANDUG (BRGY UNDER PS 13, DCPO)",THEFT,2024,2
SUAWAN (TULI),THEFT,2024,9
"INDANGAN (BRGY UNDER PS 13, DCPO)",THEFT,2024,2
PAMPANGA,THEFT,2024,11
CABANTIAN,THEFT, 2024 ,7
"INDANGAN (BRGY UNDER PS 13, DCPO)",THEFT,2024,2
TALOMO RIVER,THEFT,2024,4
SALAPAWAN,THEFT,2024,12
TAPAK,THEFT, 2024 ,12
 WANGAN  ,THEFT,2024,10
"BARANGAY 19-B (POB.) (BRGY UNDER ps 14, DCPO)",theft,2024,7
 LACSON  ,THEFT,2024,5
SAN ISIDRO,theft,2024,10
TAPAK,THEFT,2024,12
"INDANGAN (BRGY UNDER PS 13, DCPO)",THEFT,2024, 12 
"PACIANO BANGOY (BRGY IS NOW UNDER PS 18, DCPO)",THEFT,2024,11
"MANDUG (BRGY UNDER PS 13, DCPO)",THEFT,2024,6
ILANG,CARNAPPING_MV,2024,7
BARANGAY 18-B,CARNAPPING_MC,2024, 1 
MAPI-ILA,CARNAPPING_MC,2024,2
"CENTRO (SAN JUAN) (BRGY IS NOW UNDER PS 18, DCPO)",CARNAPPING_MC, 2024 ,1
ALAMBRE,CARNAPPING_MC, 2024 ,8
COMMUNAL,Carnapping_Mc,2024, 2 
 MALABOG  ,CARNAPPING_MC,2024,1
"TOMAS MONTEVERDE, SR. (BRGY IS NOW UNDER PS 18, DCPO)",CARNAPPING_MC,2024,7
MULIG,CARNAPPING_MC,2024, 9 
SUBASTA,CARNAPPING_MC,2024,4
 BAGANIHAN  ,CARNAPPING_MC,2024,2
PAQUIBATO (POB.),CARNAPPING_MC,2024,10
TUNGKALAN,CARNAPPING_MC,2024,8
BARANGAY 11-A,CARNAPPING_MC,2024,2
SALAYSAY,CARNAPPING_MC,2024, 11 
LASANG,CARNAPPING_MC,2024,9
"MAGTUOD (BRGY IS NOW UNDER ps 16, DCPO)",CARNAPPING_MC,2024,9
BUDA,Carnapping_Mc, 2024 ,12
MULIG,carnapping_mc, 2024 ,10
"MANDUG (BRGY UNDER PS 13, DCPO)",MURDER,2025,8
NEW VALENCIA,MURDER,2025,5
BARANGAY 23-C,MURDER,2025,11
 TAMUGAN  ,MURDER,2025, 2 
SUBASTA,MURDER,2025,2
BINUGAO,MURDER, 2025 ,1
TAPAK,MURDER, 2025 ,10
SAN ISIDRO,MURDER,2025,7
MULIG,murder,2025,8
BAGUIO PROPER,MURDER,2025,11
CARMEN,murder,2025,7
BARANGAY 2-A (POB.),MURDER,2025,5
RIVERSIDE,MURDER,2025,10
"ANGALAN (BRGY IS NOW UNDER PS 20, DCPO)",MURDER,2025,10
LACSON,MURDER,2025,9
WINES,Murder,2025,10
CATALUNAN GRANDE,MURDER,2025,12
SUBASTA,MURDER,2025,8
NEW VALENCIA,murder,2025,8
BARANGAY 38-D (OB.),MURDER,2025,7
TUNGKALAN,murder,2025,10
40-D BOLTON ISLA,Murder,2025,8
GUMITAN,MURDER, 2025 ,8
"WAAN (BRGY UNDER ps 13, DCPO)",MURDER,2025,4
 BARANGAY 28-C  ,homicide,2025,4
 BARANGAY 23-C  ,HOMICIDE,2025,8
WINES,HOMICIDE,2025,12
 WANGAN  ,HOMICIDE,2025,11
TAMBOBONG,HOMICIDE,2025,8
BARANGAY 37-D,Homicide,2025,4
 BAGO OSHIRO  ,HOMICIDE,2025,3
"BALIOK (BRGY IS NOW UNDER PS 17, DCPO)",HOMICIDE,2025,1
74-A (MATINA CROSSING),PHYSICAL INJURIES, 2025 ,3
MINTAL,PHYSICAL INJURIES,2025,3
 PAMPANGA  ,PHYSICAL INJURIES,2025,11
MARAPANGI,PHYSICAL INJURIES,2025,4
 MATINA PANGI  ,PHYSICAL INJURIES, 2025 ,5
BARANGAY 2-A (POB.),PHYSICAL INJURIES, 2025 , 9 
BARANGAY 17-B,PHYSICAL INJURIES, 2025 ,12
SALOY,PHYSICAL INJURIES,2025,11
TAMUGAN,PHYSICAL INJURIES, 2025 ,9
 BARANGAY 28-C  ,PHYSICAL INJURIES,2025,10
"MATINA APLAYA (BRGY UNDER PS 15, DCPO)",PHYSICAL INJURIES,2025, 4 
"BALIOK (BRGY IS NOW UNDER PS 17, DCPO)",PHYSICAL INJURIES, 2025 ,10
BARANGAY 39-D (POB.),physical injuries,2025,10
"LOS AMIGOS (BRGY IS NOW UNDER PS 20, DCPO)",PHYSICAL INJURIES,2025,1
BARANGAY 26-C,PHYSICAL INJURIES,2025,6
"TIBULOY (BRGY IS NOW UNDER PS 19, DCPO)",PHYSICAL INJURIES,2025,11
 RIVERSIDE  ,PHYSICAL INJURIES,2025,3
BUNAWAN (POB.),PHYSICAL INJURIES,2025,2
BARANGAY 3-A (POB.),PHYSICAL INJURIES,2025,3
76-A BUCANA,Physical Injuries,2025, 5 
 WANGAN  ,PHYSICAL INJURIES,2025,11
BARANGAY 14-B,PHYSICAL INJURIES,2025,11
 MATINA PANGI  ,Physical Injuries,2025,4
SAN ISIDRO,PHYSICAL INJURIES, 2025 ,4
PANACAN,PHYSICAL INJURIES,2025,4
" TIBULOY (BRGY IS NOW UNDER PS 19, DCPO)  ",PHYSICAL INJURIES,2025,1
EDEN,physical injuries, 2025 ,7
 BARANGAY 11-A  ,PHYSICAL INJURIES,2025,4
BARANGAY 37-D,PHYSICAL INJURIES,2025,11
TIGATTO,PHYSICAL INJURIES,2025,8
"PACIANO BANGOY (BRGY IS NOW UNDER PS 18, DCPO)",PHYSICAL INJURIES,2025,9
 SAN ISIDRO  ,PHYSICAL INJURIES,2025,6
MARAPANGI,Physical Injuries,2025,5
COMMUNAL,PHYSICAL INJURIES,2025,4
"MANUEL GUIANGA (BRGY IS NOW UNDER PS 20, DCPO)",PHYSICAL INJURIES,2025,8
"BALIOK (BRGY IS NOW UNDER PS 17, DCPO)",PHYSICAL INJURIES,2025,11
"CENTRO (SAN JUAN) (BRGY IS NOW UNDER PS 18, DCPO)",PHYSICAL INJURIES,2025, 4 
GUMITAN,PHYSICAL INJURIES, 2025 ,10
 SALAPAWAN  ,PHYSICAL INJURIES,2025,1
 MULIG  ,PHYSICAL INJURIES,2025,7
"BALIOK (BRGY IS NOW UNDER PS 17, DCPO)",PHYSICAL INJURIES,2025,5
"ACACIA (BRGY UNDER PS 13, DCPO)",PHYSICAL INJURIES,2025,10
BARANGAY 13-B,PHYSICAL INJURIES,2025,4
BARANGAY 5-A (POB.),PHYSICAL INJURIES,2025,9
 SALAPAWAN  ,PHYSICAL INJURIES,2025,4
BARANGAY 2-A (POB.),PHYSICAL INJURIES,2025,10
"TOMAS MONTEVERDE, SR. (BRGY IS NOW UNDER PS 18, DCPO)",Physical Injuries,2025,11
 BARANGAY 17-B  ,PHYSICAL INJURIES,2025,4
TACUNAN,PHYSICAL INJURIES,2025,7
BANGKAS HEIGHTS,physical injuries,2025,12
SALAPAWAN,PHYSICAL INJURIES,2025,12
BAYABAS,PHYSICAL INJURIES,2025,7
 PANACAN  ,PHYSICAL INJURIES,2025,9
BAGO OSHIRO,PHYSICAL INJURIES,2025,12
"TAGURANO (BRGY IS NOW UNDER PS 19, DCPO)",physical injuries,2025,1
40-D BOLTON ISLA,PHYSICAL INJURIES,2025,2
LUBOGAN,PHYSICAL INJURIES,2025,3
BARANGAY 37-D,PHYSICAL INJURIES,2025,9
"DUMOY (BRGY IS NOW UNDER PS 17, DCPO)",PHYSICAL INJURIES,2025, 2 
MALABOG,PHYSICAL INJURIES,2025,2
RIVERSIDE,PHYSICAL INJURIES,2025,10
NEW VALENCIA,PHYSICAL INJURIES,2025,4
BARANGAY 14-B,Physical Injuries,2025,11
BARANGAY 37-D,PHYSICAL INJURIES,2025, 6 
BAGO OSHIRO,PHYSICAL INJURIES,2025,11
 MAHAYAG  ,PHYSICAL INJURIES,2025, 11 
LIZADA,PHYSICAL INJURIES,2025, 1 
GUMITAN,PHYSICAL INJURIES,2025,2
"BARANGAY 10-A (BRGY UNDER ps 14, DCPO)",PHYSICAL INJURIES,2025,10
40-D BOLTON ISLA,PHYSICAL INJURIES,2025,3
SASA,PHYSICAL INJURIES,2025,3
TACUNAN,PHYSICAL INJURIES,2025,1
PANALUM,PHYSICAL INJURIES,2025,6
BARANGAY 32-D,PHYSICAL INJURIES,2025,12
ALFONSO ANGLIONGTO SR,RAPE,2025,4
TAMBOBONG,RAPE,2025,12
PAMPANGA,RAPE,2025,11
"BAGO APLAYA (BRGY IS NOW UNDER PS 17, DCPO)",RAPE,2025,7
BARANGAY 38-D (OB.),RAPE,2025,10
"BALIOK (BRGY IS NOW UNDER PS 17, DCPO)",RAPE,2025,5
"BALENGAENG (BRGY IS NOW UNDER PS 20, DCPO)",Rape,2025,8
"BARANGAY 9-A (POB.) (BRGY UNDER PS 14, DCPO)",RAPE,2025,9
ALAMBRE,RAPE,2025,8
"BALENGAENG (BRGY IS NOW UNDER PS 20, DCPO)",RAPE,2025,10
SALAYSAY,RAPE,2025,9
SUAWAN (TULI),RAPE,2025,9
"BAO ESCUELA (BRGY IS NOW UNDER PS 20, DCPO)",RAPE,2025,6
"TOMAS MONTEVERDE, SR. (BRGY IS NOW UNDER PS 18, DCPO)",RAPE,2025, 4 
MAPI-ILA,RAPE,2025,7
EDEN,RAPE, 2025 ,11
 BAO JOAQUIN  ,RAPE,2025,6
TACUNAN,RAPE,2025,2
BUNAWAN (POB.),RAPE,2025,12
" ACACIA (BRGY UNDER PS 13, DCPO)  ",rape,2025,3
BARANGAY 3-A (POB.),RAPE,2025, 7 
"CATIGAN (BRGY IS NOW UNDER ps 19, DCPO)",RAPE,2025,2
 BINUGAO  ,rape,2025,3
 CALINAN (POB.)  ,RAPE, 2025 ,10
"PACIANO BANGOY (BRGY IS NOW UNDER PS 18, DCPO)",RAPE,2025,11
BARANGAY 5-A (POB.),RAPE,2025,6
TUNGKALAN,RAPE,2025, 6 
"CENTRO (SAN JUAN) (BRGY IS NOW UNDER PS 18, DCPO)",RAPE,2025,5
BARANGAY 2-A (POB.),RAPE,2025,9
PAMPANGA,RAPE,2025,4
 PAMPANGA  ,RAPE,2025, 12 
" AQUINO (BRGY IS NOW UNDER PS 18, DCPO)  ",rape,2025,2
BAGANIHAN,RAPE,2025,3
BARANGAY 18-B,RAPE,2025,6
"BALENGAENG (BRGY IS NOW UNDER PS 20, DCPO)",RAPE,2025,9
74-A (MATINA CROSSING),RAPE,2025,6
CABANTIAN,RAPE,2025,4
WANGAN,RAPE,2025,10
 BINUGAO  ,RAPE,2025,10
 BARANGAY 39-D (POB.)  ,RAPE,2025,11
"MATINA CROSSING (BRGY IS NOW UNDER PS 15, DCPO)",RAPE,2025,5
 74-A (MATINA CROSSING)  ,RAPE,2025,11
BARANGAY 38-D (OB.),RAPE,2025, 9 
BANTOL,RAPE, 2025 ,10
BARANGAY 37-D,RAPE,2025,2
"TALANDANG (BRGY IS NOW UNDER PS 20, DCPO)",rape,2025,9
BUNAWAN (POB.),RAPE, 2025 ,11
TAMBOBONG,RAPE,2025,8
 BARANGAY 23-C  ,RAPE,2025,6
MATINA PANGI,RAPE,2025,10
LAMANAN,Rape,2025,3
 SASA  ,Rape,2025,11
"TIBULOY (BRGY IS NOW UNDER PS 19, DCPO)",rape, 2025 ,4
DALIAO,RAPE,2025,4
"CATALUNAN PEQUENO (BRGY IS NOW UNDER ps 17, DCPO)",RAPE,2025,2
BARANGAY 32-D,RAPE,2025, 3 
BARANGAY 38-D (OB.),RAPE,2025,9
CARMEN,RAPE,2025,7
"BAGO APLAYA (BRGY IS NOW UNDER PS 17, DCPO)",rape,2025,1
TALOMO RIVER,RAPE,2025, 10 
PAMPANGA,RAPE,2025,5
"SAN ANTONIO (BRGY IS NOW UNDER PS 18, DCPO)",RAPE,2025, 7 
SALOY,RAPE,2025,3
CATALUNAN GRANDE,RAPE,2025, 8 
"MAGTUOD (BRGY IS NOW UNDER ps 16, DCPO)",RAPE,2025,4
" CENTRO (SAN JUAN) (BRGY IS NOW UNDER PS 18, DCPO)  ",RAPE,2025,5
MAGSAYSAY,RAPE,2025, 5 
SALUMAY,RAPE,2025,4
" BARANGAY 10-A (BRGY UNDER ps 14, DCPO)  ",RAPE,2025,9
SUAWAN (TULI),RAPE,2025,9
CABANTIAN,RAPE, 2025 ,9
BARANGAY 28-C,RAPE,2025,11
 MALABOG  ,RAPE,2025,12
ALAMBRE,rape,2025,11
SALOY,RAPE,2025,1
TUNGKALAN,RAPE,2025, 5 
 VICENTE HIZON SR.  ,RAPE,2025,5
BARANGAY 3-A (POB.),rape,2025,4
"BALIOK (BRGY IS NOW UNDER PS 17, DCPO)",rape,2025,12
"INDANGAN (BRGY UNDER PS 13, DCPO)",rape,2025, 11 
TALOMO RIVER,RAPE, 2025 ,2
VICENTE HIZON SR.,RAPE,2025,9
BAGANIHAN,rape,2025,9
 SALUMAY  ,RAPE,2025,3
 TALOMO RIVER  ,RAPE,2025,7
BARANGAY 17-B,RAPE,2025, 11 
PAMPANGA,RAPE,2025,4
76-A BUCANA,RAPE,2025,6
"BALIOK (BRGY IS NOW UNDER PS 17, DCPO)",RAPE,2025,12
"INDANGAN (BRGY UNDER PS 13, DCPO)",RAPE,2025,1
ALFONSO ANGLIONGTO SR,RAPE,2025,7
"LOS AMIGOS (BRGY IS NOW UNDER PS 20, DCPO)",RAPE,2025,11
"TAGURANO (BRGY IS NOW UNDER PS 19, DCPO)",RAPE,2025,1
 TAMAYONG  ,RAPE,2025,10
MALAGOS,RAPE,2025,12
LACSON,RAPE,2025,8
LIZADA,ROBBERY,2025,12
LACSON,ROBBERY,2025,5
LACSON,ROBBERY, 2025 ,6
40-D BOLTON ISLA,ROBBERY,2025,3
"CATIGAN (BRGY IS NOW UNDER ps 19, DCPO)",ROBBERY,2025,5
TAPAK,robbery,2025,2
"BAO ESCUELA (BRGY IS NOW UNDER PS 20, DCPO)",robbery,2025, 5 
GUMALANG,ROBBERY,2025,12
EDEN,ROBBERY,2025,7
MARAPANGI,robbery,2025,10
ULAS ,ROBBERY,2025,4
76-A (BUCANA),ROBBERY,2025,9
 BARANGAY 13-B  ,ROBBERY,2025,9
"LAPU-LAPU(BRGY IS NOW UNDER PS 18, DCPO)",ROBBERY,2025,9
" DUMOY (BRGY IS NOW UNDER PS 17, DCPO)  ",ROBBERY,2025,11
"BALIOK (BRGY IS NOW UNDER PS 17, DCPO)",ROBBERY,2025, 6 
 BAO JOAQUIN  ,ROBBERY,2025,5
"BAO ESCUELA (BRGY IS NOW UNDER PS 20, DCPO)",robbery,2025,2
 BARANGAY 23-C  ,ROBBERY,2025,6
"INDANGAN (BRGY UNDER PS 13, DCPO)",ROBBERY, 2025 , 9 
BARANGAY 37-D,ROBBERY,2025,10
SALAPAWAN,ROBBERY,2025,8
"BARANGAY 8-A (POB.) (BRGY UNDER ps 14, DCPO)",ROBBERY,2025,10
"BAGO GALLERA (BRGY IS NOW UNDER PS 17, DCPO)",ROBBERY,2025,7
" BARANGAY 9-A (POB.) (BRGY UNDER PS 14, DCPO)  ",ROBBERY,2025,11
"LAPU-LAPU(BRGY IS NOW UNDER PS 18, DCPO)",ROBBERY,2025,4
SALUMAY,ROBBERY,2025,11
LACSON,ROBBERY,2025,9
SASA,robbery,2025,11
MINTAL,ROBBERY,2025,2
"LOS AMIGOS (BRGY IS NOW UNDER PS 20, DCPO)",ROBBERY,2025,10
"BARANGAY 19-B (POB.) (BRGY UNDER ps 14, DCPO)",ROBBERY,2025,4
CALINAN (POB.),ROBBERY,2025,11
"LAPU-LAPU(BRGY IS NOW UNDER PS 18, DCPO)",ROBBERY,2025,10
 MARAPANGI  ,Robbery,2025,4
BARANGAY 2-A (POB.),THEFT,2025,3
"AQUINO (BRGY IS NOW UNDER PS 18, DCPO)",THEFT,2025,10
"BARANGAY 19-B (POB.) (BRGY UNDER ps 14, DCPO)",THEFT, 2025 ,7
WINES,THEFT, 2025 ,4
TAMAYONG,THEFT,2025,1
BARANGAY 22-C,THEFT,2025, 12 
FATIMA (BENOWANG),THEFT,2025,9
"TAGURANO (BRGY IS NOW UNDER PS 19, DCPO)",THEFT,2025,10
" CATALUNAN PEQUENO (BRGY IS NOW UNDER ps 17, DCPO)  ",THEFT,2025,12
TACUNAN,THEFT,2025,6
LACSON,theft,2025,10
BUNAWAN (POB.),THEFT,2025,10
"CATIGAN (BRGY IS NOW UNDER ps 19, DCPO)",THEFT,2025,12
"BARANGAY 8-A (POB.) (BRGY UNDER ps 14, DCPO)",THEFT,2025,6
BARANGAY 2-A (POB.),THEFT,2025,6
BINUGAO,THEFT,2025,4
BARANGAY 3-A (POB.),THEFT,2025,11
 BARANGAY 37-D  ,Theft,2025,5
SANTO NINO,Theft, 2025 ,10
SIRIB,Theft,2025,10
BARANGAY 18-B,THEFT,2025,4
BARANGAY 5-A (POB.),THEFT,2025,9
MAPI-ILA,THEFT,2025,12
BARANGAY 5-A (POB.),THEFT,2025,12
BAYABAS,THEFT,2025,2
"TIBULOY (BRGY IS NOW UNDER PS 19, DCPO)",THEFT, 2025 ,9
BARANGAY 39-D (POB.),THEFT,2025,9
"ANGALAN (BRGY IS NOW UNDER PS 20, DCPO)",THEFT,2025,6
ULAS ,THEFT,2025,5
SALOY,THEFT,2025,7
"ACACIA (BRGY UNDER PS 13, DCPO)",theft, 2025 ,8
PANALUM,theft,2025,4
TACUNAN,THEFT,2025,4
"PACIANO BANGOY (BRGY IS NOW UNDER PS 18, DCPO)",theft,2025,12
"BAGO APLAYA (BRGY IS NOW UNDER PS 17, DCPO)",THEFT,2025,11
" INDANGAN (BRGY UNDER PS 13, DCPO)  ",THEFT,2025,10
TACUNAN,THEFT,2025,8
"MANUEL GUIANGA (BRGY IS NOW UNDER PS 20, DCPO)",THEFT,2025, 7 
"MATINA APLAYA (BRGY UNDER PS 15, DCPO)",theft,2025,3
" LAPU-LAPU(BRGY IS NOW UNDER PS 18, DCPO)  ",THEFT,2025,2
"BARANGAY 8-A (POB.) (BRGY UNDER ps 14, DCPO)",THEFT,2025,9
"MAA (BRGY IS NOW UNDER ps 16, DCPO)",THEFT,2025, 10 
 SASA  ,THEFT,2025,11
SANTO NINO,THEFT,2025,4
40-D BOLTON ISLA,THEFT,2025,7
"INDANGAN (BRGY UNDER PS 13, DCPO)",THEFT,2025,7
BARANGAY 18-B,THEFT,2025,6
BARANGAY 17-B,THEFT,2025,9
BARANGAY 3-A (POB.),THEFT, 2025 ,10
ALFONSO ANGLIONGTO SR,THEFT,2025,10
"CATIGAN (BRGY IS NOW UNDER ps 19, DCPO)",THEFT,2025,2
"ACACIA (BRGY UNDER PS 13, DCPO)",THEFT,2025,2
76-A (BUCANA),THEFT,2025,4
TAMBOBONG,THEFT,2025, 2 
"BARANGAY 20-B (BRGY IS NOW UNDER PS 18, DCPO)",THEFT,2025,11
"CENTRO (SAN JUAN) (BRGY IS NOW UNDER PS 18, DCPO)",THEFT,2025,1
TIGATTO,THEFT,2025,3
SUBASTA,THEFT,2025,2
" TAGURANO (BRGY IS NOW UNDER PS 19, DCPO)  ",THEFT,2025, 9 
COMMUNAL,theft,2025,1
"BALENGAENG (BRGY IS NOW UNDER PS 20, DCPO)",Theft,2025,12
DALIAO,THEFT,2025,2
NEW VALENCIA,THEFT,2025,2
"PACIANO BANGOY (BRGY IS NOW UNDER PS 18, DCPO)",THEFT,2025, 2 
SASA,THEFT,2025,11
SAN ISIDRO,THEFT,2025, 4 
TAMBOBONG,theft,2025,2
"BARANGAY 10-A (BRGY UNDER ps 14, DCPO)",THEFT,2025,10
"INDANGAN (BRGY UNDER PS 13, DCPO)",theft,2025,6
BAYABAS,THEFT,2025,7
"BAGO APLAYA (BRGY IS NOW UNDER PS 17, DCPO)",THEFT,2025,11
BAGANIHAN,THEFT,2025,10
BARANGAY 14-B,THEFT,2025,4
 MALABOG  ,THEFT, 2025 ,8
"TIBULOY (BRGY IS NOW UNDER PS 19, DCPO)",THEFT, 2025 ,2
DALIAO,THEFT,2025,3
ALAMBRE,THEFT,2025,4
SIRIB,THEFT,2025,4
MATINA PANGI,THEFT,2025,4
TACUNAN,theft,2025,4
CAWAYAN,theft,2025,9
SAN ISIDRO,THEFT,2025, 11 
"MATINA APLAYA (BRGY UNDER PS 15, DCPO)",theft,2025,11
"SAN ANTONIO (BRGY IS NOW UNDER PS 18, DCPO)",theft,2025,12
"MANDUG (BRGY UNDER PS 13, DCPO)",THEFT,2025,6
MALABOG,THEFT,2025,12
BARANGAY 11-A,THEFT, 2025 ,12
LUBOGAN,theft,2025,11
" PACIANO BANGOY (BRGY IS NOW UNDER PS 18, DCPO)  ",THEFT,2025,12
MAPI-ILA,THEFT,2025,2
ALFONSO ANGLIONGTO SR,theft,2025,2
 BARANGAY 11-A  ,THEFT,2025,4
BAGANIHAN,theft,2025,10
"LAPU-LAPU(BRGY IS NOW UNDER PS 18, DCPO)",THEFT,2025,11
TAPAK,THEFT,2025,3
"BALIOK (BRGY IS NOW UNDER PS 17, DCPO)",THEFT,2025, 4 
 BARANGAY 14-B  ,theft,2025, 10 
" ACACIA (BRGY UNDER PS 13, DCPO)  ",THEFT, 2025 ,1
"AGDAO PROPER (BRGY IS NOW UNDER PS 18, DCPO)",THEFT,2025,9
 SALOY  ,THEFT,2025,12
BARANGAY 18-B,THEFT,2025,8
76-A (BUCANA),THEFT,2025,6
"BAGO APLAYA (BRGY IS NOW UNDER PS 17, DCPO)",theft,2025,12
TAMBOBONG,THEFT, 2025 ,1
"AGDAO PROPER (BRGY IS NOW UNDER PS 18, DCPO)",THEFT,2025, 12 
GUMALANG,THEFT,2025,3
TIGATTO,THEFT,2025,12
76-A (BUCANA),Theft,2025,11
"BAGO APLAYA (BRGY IS NOW UNDER PS 17, DCPO)",THEFT,2025,9
PANACAN,THEFT,2025,10
"INDANGAN (BRGY UNDER PS 13, DCPO)",THEFT,2025,4
"BALIOK (BRGY IS NOW UNDER PS 17, DCPO)",THEFT,2025,2
TUNGKALAN,THEFT, 2025 ,11
PAMPANGA,theft,2025,6
BARANGAY 14-B,THEFT,2025,12
CARMEN,THEFT,2025,8
BARANGAY 2-A (POB.),THEFT,2025,4
TACUNAN,THEFT,2025,2
MINTAL,THEFT,2025,7
" BARANGAY 8-A (POB.) (BRGY UNDER ps 14, DCPO)  ",THEFT,2025,12
BARANGAY 39-D (POB.),THEFT,2025,4
 MULIG  ,THEFT,2025, 7 
BARANGAY 14-B,Theft,2025,8
"BARANGAY 10-A (BRGY UNDER ps 14, DCPO)",THEFT,2025,7
"BAGO APLAYA (BRGY IS NOW UNDER PS 17, DCPO)",Theft,2025,6
CATALUNAN GRANDE,theft,2025,7
SUBASTA,THEFT,2025,11
"WAAN (BRGY UNDER ps 13, DCPO)",THEFT,2025,2
BAYABAS,THEFT, 2025 ,6
PAMPANGA,THEFT,2025,9
BINUGAO,theft,2025, 10 
40-D BOLTON ISLA,THEFT,2025,12
BARANGAY 17-B,THEFT,2025,11
"BAGO APLAYA (BRGY IS NOW UNDER PS 17, DCPO)",THEFT,2025,5
GUMITAN,THEFT,2025,5
VICENTE HIZON SR.,THEFT,2025,10
ULAS ,THEFT,2025,11
BINUGAO,theft,2025,2
CATALUNAN GRANDE,THEFT,2025,9
TIGATTO,Theft,2025,7
MARILOG,Theft,2025,6
"DUMOY (BRGY IS NOW UNDER PS 17, DCPO)",THEFT,2025,12
"BALIOK (BRGY IS NOW UNDER PS 17, DCPO)",THEFT,2025,9
 ALFONSO ANGLIONGTO SR  ,THEFT,2025,11
BARANGAY 37-D,THEFT, 2025 ,11
BARANGAY 27-C,THEFT,2025, 3 
"TIBULOY (BRGY IS NOW UNDER PS 19, DCPO)",THEFT,2025,3
BARANGAY 28-C,THEFT,2025,1
 PAMPANGA  ,THEFT,2025,5
" MAA (BRGY IS NOW UNDER ps 16, DCPO)  ",THEFT,2025,8
"MAA (BRGY IS NOW UNDER ps 16, DCPO)",THEFT,2025,12
LACSON,THEFT,2025,2
WANGAN,THEFT,2025,8
CATALUNAN GRANDE,theft,2025,10
BARANGAY 2-A (POB.),THEFT,2025,2
"MANDUG (BRGY UNDER PS 13, DCPO)",THEFT,2025,11
"TAGURANO (BRGY IS NOW UNDER PS 19, DCPO)",THEFT,2025,3
BAO JOAQUIN,THEFT, 2025 ,10
WINES,THEFT,2025,12
BARANGAY 39-D (POB.),THEFT,2025,4
BAYABAS,THEFT,2025,6
"BARANGAY 10-A (BRGY UNDER ps 14, DCPO)",THEFT,2025,2
LACSON,THEFT,2025, 4 
76-A (BUCANA),THEFT,2025, 11 
" BAGO APLAYA (BRGY IS NOW UNDER PS 17, DCPO)  ",THEFT,2025,9
"TIBULOY (BRGY IS NOW UNDER PS 19, DCPO)",THEFT,2025,3
TUNGKALAN,THEFT,2025,11
 BARANGAY 13-B  ,carnapping_mv,2025,8
 BAGANIHAN  ,CARNAPPING_MC,2025,7
EDEN,CARNAPPING_MC,2025,2
BANGKAS HEIGHTS,carnapping_mc,2025,2
GUMITAN,CARNAPPING_MC,2025,2
 40-D BOLTON ISLA  ,CARNAPPING_MC,2025,9
MARAPANGI,CARNAPPING_MC,2025,12
FATIMA (BENOWANG),CARNAPPING_MC,2025,11
MINTAL,CARNAPPING_MC,2025, 11 
"TAGURANO (BRGY IS NOW UNDER PS 19, DCPO)",CARNAPPING_MC,2025,9
MABUHAY,CARNAPPING_MC,2025,4
VICENTE HIZON SR.,CARNAPPING_MC,2025,3
"BAGO GALLERA (BRGY IS NOW UNDER PS 17, DCPO)",CARNAPPING_MC,2025,11
PANALUM,CARNAPPING_MC,2025,2
 BARANGAY 2-A (POB.)  ,CARNAPPING_MC,2025,9
SASA,CARNAPPING_MC,2025,5
BARANGAY 2-A (POB.),CARNAPPING_MC,2025,2
BARANGAY 37-D,CARNAPPING_MC,2025,10
"INDANGAN (BRGY UNDER PS 13, DCPO)",CARNAPPING_MC,2025,1
"AQUINO (BRGY IS NOW UNDER PS 18, DCPO)",SWINDLING/ESTAFA (ONLINE),2021, 6 
 TAMUGAN  ,COMPUTER-RELATED FRAUD,2021,2
" LOS AMIGOS (BRGY IS NOW UNDER PS 20, DCPO)  ",RA 9995 (PHOTO/VIDEO VOYEURISM),2021,6
 BANGKAS HEIGHTS  ,SWINDLING/ESTAFA (ONLINE),2021,8
"SAN ANTONIO (BRGY IS NOW UNDER PS 18, DCPO)",RA 10175 VIOLATION,2021,10
"TAGURANO (BRGY IS NOW UNDER PS 19, DCPO)",COMPUTER-RELATED FRAUD,2021,6
MULIG,COMPUTER-RELATED FRAUD,2021,4
DALIAO,COMPUTER-RELATED FRAUD,2021, 12 
"LAPU-LAPU(BRGY IS NOW UNDER PS 18, DCPO)",RA 9995 (PHOTO/VIDEO VOYEURISM),2022,7
PAMPANGA,CYBER LIBEL, 2022 ,2
 TUNGKALAN  ,COMPUTER-RELATED FRAUD,2022,7
SALUMAY,CYBER LIBEL,2022,7
"CATIGAN (BRGY IS NOW UNDER ps 19, DCPO)",SWINDLING/ESTAFA (ONLINE),2022,6
"SAN ANTONIO (BRGY IS NOW UNDER PS 18, DCPO)",ra 10175 violation, 2022 , 9 
BARANGAY 14-B,ONLINE DOCUMENT FALSIFICATION,2022,3
MINTAL,SWINDLING/ESTAFA (ONLINE),2022,11
MULIG,Cyber Libel,2022,3
BAGANIHAN,SWINDLING/ESTAFA (ONLINE),2022,3
ULAS ,cyber libel,2022,6
 SALUMAY  ,COMPUTER-RELATED FRAUD,2022,2
MAGSAYSAY,ra 9995 (photo/video voyeurism),2022,5
LUBOGAN,CYBER LIBEL,2022, 5 
BARANGAY 38-D (OB.),RA 9995 (PHOTO/VIDEO VOYEURISM),2022,9
 BUHANGIN (POB.)  ,SWINDLING/ESTAFA (ONLINE),2022,5
ILANG,swindling/estafa (online),2023,2
40-D BOLTON ISLA,SWINDLING/ESTAFA (ONLINE),2023,4
MALAGOS,SWINDLING/ESTAFA (ONLINE),2023,2
BARANGAY 3-A (POB.),CYBER LIBEL,2023,6
BARANGAY 3-A (POB.),SWINDLING/ESTAFA (ONLINE),2023,1
CABANTIAN,CYBER LIBEL,2023,9
TAMUGAN,CYBER LIBEL,2023, 2 
40-D BOLTON ISLA,Online Document Falsification,2023,8
"AGDAO PROPER (BRGY IS NOW UNDER PS 18, DCPO)",RA 10175 VIOLATION,2023,10
"SAN ANTONIO (BRGY IS NOW UNDER PS 18, DCPO)",ONLINE DOCUMENT FALSIFICATION,2023,9
"WAAN (BRGY UNDER ps 13, DCPO)",ra 9995 (photo/video voyeurism),2023,10
BARANGAY 39-D (POB.),COMPUTER-RELATED FRAUD,2023,2
COMMUNAL,CYBER LIBEL,2023,1
TUGBOK (POB.),RA 9995 (PHOTO/VIDEO VOYEURISM),2023,11
"MATINA CROSSING (BRGY IS NOW UNDER PS 15, DCPO)",SWINDLING/ESTAFA (ONLINE),2023,5
MALABOG,CYBER LIBEL,2023,9
"MAA (BRGY IS NOW UNDER ps 16, DCPO)",Ra 9995 (Photo/Video Voyeurism),2023,2
"WAAN (BRGY UNDER ps 13, DCPO)",SWINDLING/ESTAFA (ONLINE),2023, 6 
BARANGAY 3-A (POB.),COMPUTER-RELATED FRAUD, 2023 ,10
 LACSON  ,RA 9995 (PHOTO/VIDEO VOYEURISM),2023,6
 BINUGAO  ,COMPUTER-RELATED FRAUD,2023,3
MABUHAY,ONLINE DOCUMENT FALSIFICATION, 2023 ,8
 BARANGAY 18-B  ,computer-related fraud,2023,7
TUNGKALAN,RA 9995 (PHOTO/VIDEO VOYEURISM),2023,2
BAGUIO PROPER,swindling/estafa (online),2023,7
"AGDAO PROPER (BRGY IS NOW UNDER PS 18, DCPO)",swindling/estafa (online),2023,2
SUBASTA,swindling/estafa (online),2023, 7 
RIVERSIDE,COMPUTER-RELATED FRAUD,2023,10
BAGANIHAN,SWINDLING/ESTAFA (ONLINE),2024,2
MINTAL,ONLINE DOCUMENT FALSIFICATION,2024,6
BINUGAO,cyber libel,2024,9
"TALANDANG (BRGY IS NOW UNDER PS 20, DCPO)",COMPUTER-RELATED FRAUD,2024,4
"MANDUG (BRGY UNDER PS 13, DCPO)",CYBER LIBEL,2024,3
CABANTIAN,RA 10175 VIOLATION, 2024 , 12 
"SAN ANTONIO (BRGY IS NOW UNDER PS 18, DCPO)",COMPUTER-RELATED FRAUD,2024,11
76-A (BUCANA),Cyber Libel,2024,9
SALAYSAY,CYBER LIBEL,2024,1
76-A BUCANA,RA 10175 VIOLATION,2024,11
GUMITAN,RA 10175 VIOLATION,2024,2
NEW VALENCIA,Swindling/Estafa (Online),2024,7
"CATALUNAN PEQUENO (BRGY IS NOW UNDER ps 17, DCPO)",computer-related fraud,2024,9
MARILOG,CYBER LIBEL,2024,7
CALINAN (POB.),RA 10175 VIOLATION,2024,12
 FATIMA (BENOWANG)  ,CYBER LIBEL,2024,5
SASA,SWINDLING/ESTAFA (ONLINE),2024, 7 
BARANGAY 23-C,RA 10175 VIOLATION,2024,10
TORIL (POB.),CYBER LIBEL,2024, 11 
MALAGOS,COMPUTER-RELATED FRAUD,2024,2
RIVERSIDE,RA 10175 VIOLATION,2024, 9 
BARANGAY 26-C,RA 10175 VIOLATION,2024,11
VICENTE HIZON SR.,SWINDLING/ESTAFA (ONLINE),2024,1
"BARANGAY 8-A (POB.) (BRGY UNDER ps 14, DCPO)",RA 10175 VIOLATION, 2024 ,7
WANGAN,cyber libel,2024,10
BUDA,SWINDLING/ESTAFA (ONLINE),2024,4
BAGANIHAN,SWINDLING/ESTAFA (ONLINE),2024,9
"BALIOK (BRGY IS NOW UNDER PS 17, DCPO)",CYBER LIBEL,2024,6
"CENTRO (SAN JUAN) (BRGY IS NOW UNDER PS 18, DCPO)",RA 10175 VIOLATION, 2024 ,1
BARANGAY 14-B,RA 10175 VIOLATION,2024,9
TAPAK,COMPUTER-RELATED FRAUD,2024,10
SALOY,SWINDLING/ESTAFA (ONLINE),2024,8
BARANGAY 26-C,COMPUTER-RELATED FRAUD,2024,3
MABUHAY,SWINDLING/ESTAFA (ONLINE),2024,4
LIZADA,COMPUTER-RELATED FRAUD,2024,6
BARANGAY 27-C,SWINDLING/ESTAFA (ONLINE),2024,7
BARANGAY 13-B,COMPUTER-RELATED FRAUD,2024,3
BANTOL,RA 10175 VIOLATION,2024,3
LASANG,ONLINE DOCUMENT FALSIFICATION,2024,5
"MAA (BRGY IS NOW UNDER ps 16, DCPO)",ONLINE DOCUMENT FALSIFICATION,2024,10
NEW VALENCIA,RA 10175 VIOLATION,2024,6
EDEN,RA 9995 (PHOTO/VIDEO VOYEURISM),2024,12
74-A (MATINA CROSSING),COMPUTER-RELATED FRAUD,2024,5
LIZADA,SWINDLING/ESTAFA (ONLINE),2024,2
"MATINA APLAYA (BRGY UNDER PS 15, DCPO)",RA 10175 VIOLATION,2024,7
SUBASTA,COMPUTER-RELATED FRAUD,2024,12
TALOMO RIVER,SWINDLING/ESTAFA (ONLINE),2024,2
 MAPI-ILA  ,RA 10175 VIOLATION,2024,11
BUDA,CYBER LIBEL,2024,6
" BARANGAY 19-B (POB.) (BRGY UNDER ps 14, DCPO)  ",RA 9995 (PHOTO/VIDEO VOYEURISM),2024,11
TAMUGAN,RA 10175 VIOLATION,2024,11
WINES,CYBER LIBEL,2024, 7 
"CATIGAN (BRGY IS NOW UNDER ps 19, DCPO)",SWINDLING/ESTAFA (ONLINE),2025,4
PANACAN,RA 9995 (PHOTO/VIDEO VOYEURISM),2025,6
BINUGAO,computer-related fraud,2025,4
MAGSAYSAY,COMPUTER-RELATED FRAUD,2025,2
"BAGO GALLERA (BRGY IS NOW UNDER PS 17, DCPO)",CYBER LIBEL,2025,11
 BAO JOAQUIN  ,CYBER LIBEL, 2025 ,10
TAPAK,SWINDLING/ESTAFA (ONLINE),2025,10
TALOMO (POB.),CYBER LIBEL,2025,12
BAGUIO PROPER,CYBER LIBEL,2025,3
"BARANGAY 19-B (POB.) (BRGY UNDER ps 14, DCPO)",RA 10175 VIOLATION,2025,6
"BARANGAY 10-A (BRGY UNDER ps 14, DCPO)",SWINDLING/ESTAFA (ONLINE), 2025 , 8 
PAMPANGA,CYBER LIBEL,2025,12
BARANGAY 5-A (POB.),ONLINE DOCUMENT FALSIFICATION,2025,7
40-D BOLTON ISLA,SWINDLING/ESTAFA (ONLINE),2025,10
MAPI-ILA,SWINDLING/ESTAFA (ONLINE),2025,4
"BAO ESCUELA (BRGY IS NOW UNDER PS 20, DCPO)",SWINDLING/ESTAFA (ONLINE),2025,2
CAWAYAN,Cyber Libel,2025,4
 BUDA  ,SWINDLING/ESTAFA (ONLINE),2025,4
BUNAWAN (POB.),SWINDLING/ESTAFA (ONLINE),2025,5
" BAGO APLAYA (BRGY IS NOW UNDER PS 17, DCPO)  ",COMPUTER-RELATED FRAUD,2025,6
TACUNAN,RA 9995 (PHOTO/VIDEO VOYEURISM),2025,9
CARMEN,CYBER LIBEL,2025, 5 
"TOMAS MONTEVERDE, SR. (BRGY IS NOW UNDER PS 18, DCPO)",RA 10175 VIOLATION,2025,10
PANALUM,COMPUTER-RELATED FRAUD,2025,9
ILANG,COMPUTER-RELATED FRAUD,2025,11
"TALANDANG (BRGY IS NOW UNDER PS 20, DCPO)",RA 9995 (PHOTO/VIDEO VOYEURISM),2025,8
BARANGAY 27-C,RA 9995 (PHOTO/VIDEO VOYEURISM),2025,2
76-A (BUCANA),SWINDLING/ESTAFA (ONLINE),2025,12
MULIG,SWINDLING/ESTAFA (ONLINE),2025,2
BARANGAY 13-B,SWINDLING/ESTAFA (ONLINE), 2025 ,7
LAMANAN,SWINDLING/ESTAFA (ONLINE),2025,6
"SAN ANTONIO (BRGY IS NOW UNDER PS 18, DCPO)",RA 10175 VIOLATION,2025,9
TIGATTO,ONLINE DOCUMENT FALSIFICATION,2025, 4 
BUDA,SWINDLING/ESTAFA (ONLINE),2025,5
TAMAYONG,ra 10175 violation,2025,8
"AQUINO (BRGY IS NOW UNDER PS 18, DCPO)",CYBER LIBEL,2025,12
LASANG,CYBER LIBEL,2025,4
BAGUIO PROPER,CYBER LIBEL,2025,8
"LAPU-LAPU(BRGY IS NOW UNDER PS 18, DCPO)",RA 10175 VIOLATION,2025,11
 BUNAWAN (POB.)  ,CYBER LIBEL,2025,4
"SAN ANTONIO (BRGY IS NOW UNDER PS 18, DCPO)",SWINDLING/ESTAFA (ONLINE),2025,8
MABUHAY,COMPUTER-RELATED FRAUD,2025,7
MULIG,CYBER LIBEL,2025,10
"DUMOY (BRGY IS NOW UNDER PS 17, DCPO)",COMPUTER-RELATED FRAUD,2025,5
74-A (MATINA CROSSING),cyber libel,2025,4
PANALUM,Computer-Related Fraud,2025,3
ILANG,RA 10175 VIOLATION,2025,11
"AGDAO PROPER (BRGY IS NOW UNDER PS 18, DCPO)",SWINDLING/ESTAFA (ONLINE),2025, 5 
WINES,ONLINE DOCUMENT FALSIFICATION,2025,5
40-D BOLTON ISLA,CYBER LIBEL,2025,8
BANGKAS HEIGHTS,RA 10175 VIOLATION,2025,9
"MAA (BRGY IS NOW UNDER ps 16, DCPO)",SWINDLING/ESTAFA (ONLINE),2025,6
"TIBULOY (BRGY IS NOW UNDER PS 19, DCPO)",CYBER LIBEL,2025,4
GUMALANG,SWINDLING/ESTAFA (ONLINE),2025,5
BARANGAY 37-D,CYBER LIBEL,2025,12
FATIMA (BENOWANG),SWINDLING/ESTAFA (ONLINE),2025,7
BARANGAY 18-B,CYBER LIBEL,2025,3
 MAHAYAG  ,RA 10175 VIOLATION, 2025 , 11 
"BARANGAY 19-B (POB.) (BRGY UNDER ps 14, DCPO)",swindling/estafa (online),2025,1
PANACAN,SWINDLING/ESTAFA (ONLINE),2025,4
"MATINA APLAYA (BRGY UNDER PS 15, DCPO)",CYBER LIBEL,2025,9
TAMBOBONG,RA 9995 (PHOTO/VIDEO VOYEURISM),2025,4
TAMUGAN,RA 10175 VIOLATION,2025,11
"MAGTUOD (BRGY IS NOW UNDER ps 16, DCPO)",SWINDLING/ESTAFA (ONLINE),2025,11
BARANGAY 3-A (POB.),SWINDLING/ESTAFA (ONLINE),2025,12
"WAAN (BRGY UNDER ps 13, DCPO)",SWINDLING/ESTAFA (ONLINE),2025,3
 BARANGAY 38-D (OB.)  ,SWINDLING/ESTAFA (ONLINE),2025,11
BARANGAY 14-B,CYBER LIBEL,2025,3
"BAO ESCUELA (BRGY IS NOW UNDER PS 20, DCPO)",RA 9995 (PHOTO/VIDEO VOYEURISM),2025,4
 BAYABAS  ,CYBER LIBEL,2025,5
SAN ISIDRO,RAPE,2023,1
"MANDUG (BRGY UNDER PS 13, DCPO)",rape,2021,1
BARANGAY 37-D,RAPE, 2021 , 4 
SALAPAWAN,MURDER,2023,8
SAN ISIDRO,CARNAPPING_MC,2022,7
SUAWAN (TULI),RAPE,2022,4
FATIMA (BENOWANG),SWINDLING/ESTAFA (ONLINE),2025,7
BARANGAY 39-D (POB.),RAPE,2022,5
"BAGO APLAYA (BRGY IS NOW UNDER PS 17, DCPO)",ROBBERY,2024,10
MALAGOS,ROBBERY,2021,2
"TALANDANG (BRGY IS NOW UNDER PS 20, DCPO)",rape,2025,9
"BAGO APLAYA (BRGY IS NOW UNDER PS 17, DCPO)",THEFT,2021,6
WINES,THEFT,2022,12
TAPAK,theft,2024,10
"SAN ANTONIO (BRGY IS NOW UNDER PS 18, DCPO)",ONLINE DOCUMENT FALSIFICATION,2023,9
"ACACIA (BRGY UNDER PS 13, DCPO)",THEFT,2025,2
LACSON,RAPE,2021,10
"TOMAS MONTEVERDE, SR. (BRGY IS NOW UNDER PS 18, DCPO)",PHYSICAL INJURIES,2022,10
DALIAO,MURDER,2023,10
 BARANGAY 3-A (POB.)  ,ROBBERY,2024,12
